Tanggal,Open,High,Low,Close,Volume,PP,R1,R2,R3,S1,S2,S3
2019-12-27,50.0,50.0,50.0,50.0,32900,50.0,50.0,50.0,50.0,50.0,50.0,50.0
2019-12-30,50.0,50.0,50.0,50.0,18600,50.0,50.0,50.0,50.0,50.0,50.0,50.0
2020-01-02,50.0,50.0,50.0,50.0,258600,50.0,50.0,50.0,50.0,50.0,50.0,50.0
2020-01-03,50.0,50.0,50.0,50.0,34800,50.0,50.0,50.0,50.0,50.0,50.0,50.0
2020-01-06,50.0,50.0,50.0,50.0,24600,50.0,50.0,50.0,50.0,50.0,50.0,50.0
2020-01-07,50.0,50.0,50.0,50.0,486600,50.0,50.0,50.0,50.0,50.0,50.0,50.0
2020-01-08,50.0,50.0,50.0,50.0,250900,50.0,50.0,50.0,50.0,50.0,50.0,50.0
2020-01-09,50.0,50.0,50.0,50.0,10300,50.0,50.0,50.0,50.0,50.0,50.0,50.0
2020-01-10,50.0,50.0,50.0,50.0,5400,50.0,50.0,50.0,50.0,50.0,50.0,50.0
2020-01-13,50.0,50.0,50.0,50.0,50100,50.0,50.0,50.0,50.0,50.0,50.0,50.0
2020-01-14,50.0,50.0,50.0,50.0,27000,50.0,50.0,50.0,50.0,50.0,50.0,50.0
2020-01-15,50.0,50.0,50.0,50.0,600,50.0,50.0,50.0,50.0,50.0,50.0,50.0
2020-01-16,50.0,50.0,50.0,50.0,9900,50.0,50.0,50.0,50.0,50.0,50.0,50.0
2020-01-17,50.0,50.0,50.0,50.0,400,50.0,50.0,50.0,50.0,50.0,50.0,50.0
2020-01-20,50.0,50.0,50.0,50.0,300,50.0,50.0,50.0,50.0,50.0,50.0,50.0
2020-01-21,50.0,50.0,50.0,50.0,100,50.0,50.0,50.0,50.0,50.0,50.0,50.0
2020-01-22,50.0,50.0,50.0,50.0,100,50.0,50.0,50.0,50.0,50.0,50.0,50.0
2020-01-23,50.0,50.0,50.0,50.0,100,50.0,50.0,50.0,50.0,50.0,50.0,50.0
2020-01-24,50.0,50.0,50.0,50.0,10000,50.0,50.0,50.0,50.0,50.0,50.0,50.0
2020-01-27,50.0,50.0,50.0,50.0,7900,50.0,50.0,50.0,50.0,50.0,50.0,50.0
2020-01-28,50.0,50.0,50.0,50.0,0,50.0,50.0,50.0,50.0,50.0,50.0,50.0
2020-01-29,50.0,50.0,50.0,50.0,200,50.0,50.0,50.0,50.0,50.0,50.0,50.0
2020-01-30,50.0,50.0,50.0,50.0,6600,50.0,50.0,50.0,50.0,50.0,50.0,50.0
2020-01-31,50.0,50.0,50.0,50.0,100,50.0,50.0,50.0,50.0,50.0,50.0,50.0
2020-02-03,50.0,50.0,50.0,50.0,500,50.0,50.0,50.0,50.0,50.0,50.0,50.0
2020-02-04,50.0,50.0,50.0,50.0,115300,50.0,50.0,50.0,50.0,50.0,50.0,50.0
2020-02-05,50.0,50.0,50.0,50.0,0,50.0,50.0,50.0,50.0,50.0,50.0,50.0
2020-02-06,50.0,50.0,50.0,50.0,0,50.0,50.0,50.0,50.0,50.0,50.0,50.0
2020-02-07,50.0,50.0,50.0,50.0,2100,50.0,50.0,50.0,50.0,50.0,50.0,50.0
2020-02-10,50.0,50.0,50.0,50.0,100,50.0,50.0,50.0,50.0,50.0,50.0,50.0
2020-02-11,50.0,50.0,50.0,50.0,0,50.0,50.0,50.0,50.0,50.0,50.0,50.0
2020-02-12,50.0,50.0,50.0,50.0,200,50.0,50.0,50.0,50.0,50.0,50.0,50.0
2020-02-13,50.0,50.0,50.0,50.0,100,50.0,50.0,50.0,50.0,50.0,50.0,50.0
2020-02-14,50.0,50.0,50.0,50.0,0,50.0,50.0,50.0,50.0,50.0,50.0,50.0
2020-02-17,50.0,50.0,50.0,50.0,0,50.0,50.0,50.0,50.0,50.0,50.0,50.0
2020-02-18,50.0,50.0,50.0,50.0,100,50.0,50.0,50.0,50.0,50.0,50.0,50.0
2020-02-19,50.0,50.0,50.0,50.0,600,50.0,50.0,50.0,50.0,50.0,50.0,50.0
2020-02-20,50.0,50.0,50.0,50.0,100,50.0,50.0,50.0,50.0,50.0,50.0,50.0
2020-02-21,50.0,50.0,50.0,50.0,200,50.0,50.0,50.0,50.0,50.0,50.0,50.0
2020-02-24,50.0,50.0,50.0,50.0,0,50.0,50.0,50.0,50.0,50.0,50.0,50.0
2020-02-25,50.0,50.0,50.0,50.0,200,50.0,50.0,50.0,50.0,50.0,50.0,50.0
2020-02-26,50.0,50.0,50.0,50.0,300,50.0,50.0,50.0,50.0,50.0,50.0,50.0
2020-02-27,50.0,50.0,50.0,50.0,0,50.0,50.0,50.0,50.0,50.0,50.0,50.0
2020-02-28,50.0,50.0,50.0,50.0,3400,50.0,50.0,50.0,50.0,50.0,50.0,50.0
2020-03-02,50.0,50.0,50.0,50.0,1700,50.0,50.0,50.0,50.0,50.0,50.0,50.0
2020-03-03,50.0,50.0,50.0,50.0,48200,50.0,50.0,50.0,50.0,50.0,50.0,50.0
2020-03-04,50.0,50.0,50.0,50.0,800,50.0,50.0,50.0,50.0,50.0,50.0,50.0
2020-03-05,50.0,50.0,50.0,50.0,100,50.0,50.0,50.0,50.0,50.0,50.0,50.0
2020-03-06,50.0,50.0,50.0,50.0,0,50.0,50.0,50.0,50.0,50.0,50.0,50.0
2020-03-09,50.0,50.0,50.0,50.0,200,50.0,50.0,50.0,50.0,50.0,50.0,50.0
2020-03-10,50.0,50.0,50.0,50.0,600,50.0,50.0,50.0,50.0,50.0,50.0,50.0
2020-03-11,50.0,50.0,50.0,50.0,900,50.0,50.0,50.0,50.0,50.0,50.0,50.0
2020-03-12,50.0,50.0,50.0,50.0,0,50.0,50.0,50.0,50.0,50.0,50.0,50.0
2020-03-13,50.0,50.0,50.0,50.0,0,50.0,50.0,50.0,50.0,50.0,50.0,50.0
2020-03-16,50.0,50.0,50.0,50.0,0,50.0,50.0,50.0,50.0,50.0,50.0,50.0
2020-03-17,50.0,50.0,50.0,50.0,300,50.0,50.0,50.0,50.0,50.0,50.0,50.0
2020-03-18,50.0,50.0,50.0,50.0,100,50.0,50.0,50.0,50.0,50.0,50.0,50.0
2020-03-19,50.0,50.0,50.0,50.0,0,50.0,50.0,50.0,50.0,50.0,50.0,50.0
2020-03-20,50.0,50.0,50.0,50.0,0,50.0,50.0,50.0,50.0,50.0,50.0,50.0
2020-03-23,50.0,50.0,50.0,50.0,0,50.0,50.0,50.0,50.0,50.0,50.0,50.0
2020-03-24,50.0,50.0,50.0,50.0,400,50.0,50.0,50.0,50.0,50.0,50.0,50.0
2020-03-26,50.0,50.0,50.0,50.0,9400,50.0,50.0,50.0,50.0,50.0,50.0,50.0
2020-03-27,50.0,50.0,50.0,50.0,300,50.0,50.0,50.0,50.0,50.0,50.0,50.0
2020-03-30,50.0,50.0,50.0,50.0,200,50.0,50.0,50.0,50.0,50.0,50.0,50.0
2020-03-31,50.0,50.0,50.0,50.0,0,50.0,50.0,50.0,50.0,50.0,50.0,50.0
2020-04-01,50.0,50.0,50.0,50.0,100,50.0,50.0,50.0,50.0,50.0,50.0,50.0
2020-04-02,50.0,50.0,50.0,50.0,0,50.0,50.0,50.0,50.0,50.0,50.0,50.0
2020-04-03,50.0,50.0,50.0,50.0,200000,50.0,50.0,50.0,50.0,50.0,50.0,50.0
2020-04-06,50.0,50.0,50.0,50.0,7000,50.0,50.0,50.0,50.0,50.0,50.0,50.0
2020-04-07,50.0,50.0,50.0,50.0,1100,50.0,50.0,50.0,50.0,50.0,50.0,50.0
2020-04-08,50.0,50.0,50.0,50.0,20900,50.0,50.0,50.0,50.0,50.0,50.0,50.0
2020-04-09,50.0,50.0,50.0,50.0,0,50.0,50.0,50.0,50.0,50.0,50.0,50.0
2020-04-13,50.0,50.0,50.0,50.0,0,50.0,50.0,50.0,50.0,50.0,50.0,50.0
2020-04-14,50.0,50.0,50.0,50.0,0,50.0,50.0,50.0,50.0,50.0,50.0,50.0
2020-04-15,50.0,50.0,50.0,50.0,0,50.0,50.0,50.0,50.0,50.0,50.0,50.0
2020-04-16,50.0,50.0,50.0,50.0,200,50.0,50.0,50.0,50.0,50.0,50.0,50.0
2020-04-17,50.0,50.0,50.0,50.0,800,50.0,50.0,50.0,50.0,50.0,50.0,50.0
2020-04-20,50.0,50.0,50.0,50.0,300,50.0,50.0,50.0,50.0,50.0,50.0,50.0
2020-04-21,50.0,50.0,50.0,50.0,400,50.0,50.0,50.0,50.0,50.0,50.0,50.0
2020-04-22,50.0,50.0,50.0,50.0,0,50.0,50.0,50.0,50.0,50.0,50.0,50.0
2020-04-23,50.0,50.0,50.0,50.0,0,50.0,50.0,50.0,50.0,50.0,50.0,50.0
2020-04-24,50.0,50.0,50.0,50.0,500,50.0,50.0,50.0,50.0,50.0,50.0,50.0
2020-04-27,50.0,50.0,50.0,50.0,0,50.0,50.0,50.0,50.0,50.0,50.0,50.0
2020-04-28,50.0,50.0,50.0,50.0,100,50.0,50.0,50.0,50.0,50.0,50.0,50.0
2020-04-29,50.0,50.0,50.0,50.0,100,50.0,50.0,50.0,50.0,50.0,50.0,50.0
2020-04-30,50.0,50.0,50.0,50.0,200,50.0,50.0,50.0,50.0,50.0,50.0,50.0
2020-05-04,50.0,50.0,50.0,50.0,20500,50.0,50.0,50.0,50.0,50.0,50.0,50.0
2020-05-05,50.0,50.0,50.0,50.0,1300,50.0,50.0,50.0,50.0,50.0,50.0,50.0
2020-05-06,50.0,50.0,50.0,50.0,300,50.0,50.0,50.0,50.0,50.0,50.0,50.0
2020-05-08,50.0,50.0,50.0,50.0,0,50.0,50.0,50.0,50.0,50.0,50.0,50.0
2020-05-11,50.0,50.0,50.0,50.0,300,50.0,50.0,50.0,50.0,50.0,50.0,50.0
2020-05-12,50.0,50.0,50.0,50.0,100,50.0,50.0,50.0,50.0,50.0,50.0,50.0
2020-05-13,50.0,50.0,50.0,50.0,600,50.0,50.0,50.0,50.0,50.0,50.0,50.0
2020-05-14,50.0,50.0,50.0,50.0,0,50.0,50.0,50.0,50.0,50.0,50.0,50.0
2020-05-15,50.0,50.0,50.0,50.0,100,50.0,50.0,50.0,50.0,50.0,50.0,50.0
2020-05-18,50.0,50.0,50.0,50.0,0,50.0,50.0,50.0,50.0,50.0,50.0,50.0
2020-05-19,50.0,50.0,50.0,50.0,100,50.0,50.0,50.0,50.0,50.0,50.0,50.0
2020-05-20,50.0,50.0,50.0,50.0,100,50.0,50.0,50.0,50.0,50.0,50.0,50.0
2020-05-26,50.0,50.0,50.0,50.0,200,50.0,50.0,50.0,50.0,50.0,50.0,50.0
2020-05-27,50.0,50.0,50.0,50.0,100,50.0,50.0,50.0,50.0,50.0,50.0,50.0
2020-05-28,50.0,50.0,50.0,50.0,1600,50.0,50.0,50.0,50.0,50.0,50.0,50.0
2020-05-29,50.0,50.0,50.0,50.0,500,50.0,50.0,50.0,50.0,50.0,50.0,50.0
2020-06-02,50.0,50.0,50.0,50.0,700,50.0,50.0,50.0,50.0,50.0,50.0,50.0
2020-06-03,50.0,50.0,50.0,50.0,1100,50.0,50.0,50.0,50.0,50.0,50.0,50.0
2020-06-04,50.0,50.0,50.0,50.0,200,50.0,50.0,50.0,50.0,50.0,50.0,50.0
2020-06-05,50.0,50.0,50.0,50.0,10000,50.0,50.0,50.0,50.0,50.0,50.0,50.0
2020-06-08,50.0,50.0,50.0,50.0,11600,50.0,50.0,50.0,50.0,50.0,50.0,50.0
2020-06-09,50.0,50.0,50.0,50.0,207800,50.0,50.0,50.0,50.0,50.0,50.0,50.0
2020-06-10,50.0,50.0,50.0,50.0,20200,50.0,50.0,50.0,50.0,50.0,50.0,50.0
2020-06-11,50.0,50.0,50.0,50.0,100,50.0,50.0,50.0,50.0,50.0,50.0,50.0
2020-06-12,50.0,50.0,50.0,50.0,1800,50.0,50.0,50.0,50.0,50.0,50.0,50.0
2020-06-15,50.0,50.0,50.0,50.0,300,50.0,50.0,50.0,50.0,50.0,50.0,50.0
2020-06-16,50.0,50.0,50.0,50.0,15300,50.0,50.0,50.0,50.0,50.0,50.0,50.0
2020-06-17,50.0,50.0,50.0,50.0,7200,50.0,50.0,50.0,50.0,50.0,50.0,50.0
2020-06-18,50.0,50.0,50.0,50.0,1100,50.0,50.0,50.0,50.0,50.0,50.0,50.0
2020-06-19,50.0,50.0,50.0,50.0,3300,50.0,50.0,50.0,50.0,50.0,50.0,50.0
2020-06-22,50.0,50.0,50.0,50.0,1000,50.0,50.0,50.0,50.0,50.0,50.0,50.0
2020-06-23,50.0,50.0,50.0,50.0,400,50.0,50.0,50.0,50.0,50.0,50.0,50.0
2020-06-24,50.0,50.0,50.0,50.0,2000,50.0,50.0,50.0,50.0,50.0,50.0,50.0
2020-06-25,50.0,50.0,50.0,50.0,0,50.0,50.0,50.0,50.0,50.0,50.0,50.0
2020-06-26,50.0,50.0,50.0,50.0,800,50.0,50.0,50.0,50.0,50.0,50.0,50.0
2020-06-29,50.0,50.0,50.0,50.0,0,50.0,50.0,50.0,50.0,50.0,50.0,50.0
2020-06-30,50.0,50.0,50.0,50.0,74900,50.0,50.0,50.0,50.0,50.0,50.0,50.0
2020-07-01,50.0,50.0,50.0,50.0,600,50.0,50.0,50.0,50.0,50.0,50.0,50.0
2020-07-02,50.0,50.0,50.0,50.0,0,50.0,50.0,50.0,50.0,50.0,50.0,50.0
2020-07-03,50.0,50.0,50.0,50.0,50300,50.0,50.0,50.0,50.0,50.0,50.0,50.0
2020-07-06,50.0,50.0,50.0,50.0,0,50.0,50.0,50.0,50.0,50.0,50.0,50.0
2020-07-07,50.0,50.0,50.0,50.0,0,50.0,50.0,50.0,50.0,50.0,50.0,50.0
2020-07-08,50.0,50.0,50.0,50.0,2000,50.0,50.0,50.0,50.0,50.0,50.0,50.0
2020-07-09,50.0,50.0,50.0,50.0,1100,50.0,50.0,50.0,50.0,50.0,50.0,50.0
2020-07-10,50.0,50.0,50.0,50.0,300,50.0,50.0,50.0,50.0,50.0,50.0,50.0
2020-07-13,50.0,50.0,50.0,50.0,100,50.0,50.0,50.0,50.0,50.0,50.0,50.0
2020-07-14,50.0,50.0,50.0,50.0,100,50.0,50.0,50.0,50.0,50.0,50.0,50.0
2020-07-15,50.0,50.0,50.0,50.0,100,50.0,50.0,50.0,50.0,50.0,50.0,50.0
2020-07-16,50.0,50.0,50.0,50.0,0,50.0,50.0,50.0,50.0,50.0,50.0,50.0
2020-07-17,50.0,50.0,50.0,50.0,900,50.0,50.0,50.0,50.0,50.0,50.0,50.0
2020-07-20,50.0,50.0,50.0,50.0,6600,50.0,50.0,50.0,50.0,50.0,50.0,50.0
2020-07-21,50.0,50.0,50.0,50.0,12200,50.0,50.0,50.0,50.0,50.0,50.0,50.0
2020-07-22,50.0,50.0,50.0,50.0,20300,50.0,50.0,50.0,50.0,50.0,50.0,50.0
2020-07-23,50.0,50.0,50.0,50.0,500,50.0,50.0,50.0,50.0,50.0,50.0,50.0
2020-07-24,50.0,50.0,50.0,50.0,1700,50.0,50.0,50.0,50.0,50.0,50.0,50.0
2020-07-27,50.0,50.0,50.0,50.0,25000,50.0,50.0,50.0,50.0,50.0,50.0,50.0
2020-07-28,50.0,50.0,50.0,50.0,15400,50.0,50.0,50.0,50.0,50.0,50.0,50.0
2020-07-29,50.0,50.0,50.0,50.0,200,50.0,50.0,50.0,50.0,50.0,50.0,50.0
2020-07-30,50.0,50.0,50.0,50.0,1200,50.0,50.0,50.0,50.0,50.0,50.0,50.0
2020-08-03,50.0,50.0,50.0,50.0,100100,50.0,50.0,50.0,50.0,50.0,50.0,50.0
2020-08-04,50.0,50.0,50.0,50.0,3200,50.0,50.0,50.0,50.0,50.0,50.0,50.0
2020-08-05,50.0,50.0,50.0,50.0,500,50.0,50.0,50.0,50.0,50.0,50.0,50.0
2020-08-06,50.0,50.0,50.0,50.0,2400,50.0,50.0,50.0,50.0,50.0,50.0,50.0
2020-08-07,50.0,50.0,50.0,50.0,100,50.0,50.0,50.0,50.0,50.0,50.0,50.0
2020-08-10,50.0,50.0,50.0,50.0,2500,50.0,50.0,50.0,50.0,50.0,50.0,50.0
2020-08-11,50.0,50.0,50.0,50.0,200,50.0,50.0,50.0,50.0,50.0,50.0,50.0
2020-08-12,50.0,50.0,50.0,50.0,1400,50.0,50.0,50.0,50.0,50.0,50.0,50.0
2020-08-13,50.0,50.0,50.0,50.0,0,50.0,50.0,50.0,50.0,50.0,50.0,50.0
2020-08-14,50.0,50.0,50.0,50.0,17400,50.0,50.0,50.0,50.0,50.0,50.0,50.0
2020-08-18,50.0,50.0,50.0,50.0,17600,50.0,50.0,50.0,50.0,50.0,50.0,50.0
2020-08-19,50.0,50.0,50.0,50.0,300,50.0,50.0,50.0,50.0,50.0,50.0,50.0
2020-08-24,50.0,50.0,50.0,50.0,57800,50.0,50.0,50.0,50.0,50.0,50.0,50.0
2020-08-25,50.0,50.0,50.0,50.0,5300,50.0,50.0,50.0,50.0,50.0,50.0,50.0
2020-08-26,50.0,50.0,50.0,50.0,2100,50.0,50.0,50.0,50.0,50.0,50.0,50.0
2020-08-27,50.0,50.0,50.0,50.0,100,50.0,50.0,50.0,50.0,50.0,50.0,50.0
2020-08-28,50.0,50.0,50.0,50.0,800,50.0,50.0,50.0,50.0,50.0,50.0,50.0
2020-08-31,50.0,50.0,50.0,50.0,800,50.0,50.0,50.0,50.0,50.0,50.0,50.0
2020-09-01,50.0,50.0,50.0,50.0,600,50.0,50.0,50.0,50.0,50.0,50.0,50.0
2020-09-02,50.0,50.0,50.0,50.0,3000,50.0,50.0,50.0,50.0,50.0,50.0,50.0
2020-09-03,50.0,50.0,50.0,50.0,2900,50.0,50.0,50.0,50.0,50.0,50.0,50.0
2020-09-04,50.0,50.0,50.0,50.0,1200,50.0,50.0,50.0,50.0,50.0,50.0,50.0
2020-09-07,50.0,50.0,50.0,50.0,500800,50.0,50.0,50.0,50.0,50.0,50.0,50.0
2020-09-08,50.0,50.0,50.0,50.0,1100,50.0,50.0,50.0,50.0,50.0,50.0,50.0
2020-09-09,50.0,50.0,50.0,50.0,400,50.0,50.0,50.0,50.0,50.0,50.0,50.0
2020-09-10,50.0,50.0,50.0,50.0,100,50.0,50.0,50.0,50.0,50.0,50.0,50.0
2020-09-11,50.0,50.0,50.0,50.0,0,50.0,50.0,50.0,50.0,50.0,50.0,50.0
2020-09-14,50.0,50.0,50.0,50.0,13200,50.0,50.0,50.0,50.0,50.0,50.0,50.0
2020-09-15,50.0,50.0,50.0,50.0,0,50.0,50.0,50.0,50.0,50.0,50.0,50.0
2020-09-16,50.0,50.0,50.0,50.0,300,50.0,50.0,50.0,50.0,50.0,50.0,50.0
2020-09-17,50.0,50.0,50.0,50.0,100,50.0,50.0,50.0,50.0,50.0,50.0,50.0
2020-09-18,50.0,50.0,50.0,50.0,0,50.0,50.0,50.0,50.0,50.0,50.0,50.0
2020-09-21,50.0,50.0,50.0,50.0,0,50.0,50.0,50.0,50.0,50.0,50.0,50.0
2020-09-22,50.0,50.0,50.0,50.0,0,50.0,50.0,50.0,50.0,50.0,50.0,50.0
2020-09-23,50.0,50.0,50.0,50.0,10000,50.0,50.0,50.0,50.0,50.0,50.0,50.0
2020-09-24,50.0,50.0,50.0,50.0,3100,50.0,50.0,50.0,50.0,50.0,50.0,50.0
2020-09-25,50.0,50.0,50.0,50.0,1200,50.0,50.0,50.0,50.0,50.0,50.0,50.0
2020-09-28,50.0,50.0,50.0,50.0,5000,50.0,50.0,50.0,50.0,50.0,50.0,50.0
2020-09-29,50.0,50.0,50.0,50.0,0,50.0,50.0,50.0,50.0,50.0,50.0,50.0
2020-09-30,50.0,50.0,50.0,50.0,0,50.0,50.0,50.0,50.0,50.0,50.0,50.0
2020-10-01,50.0,50.0,50.0,50.0,400,50.0,50.0,50.0,50.0,50.0,50.0,50.0
2020-10-02,50.0,50.0,50.0,50.0,3000,50.0,50.0,50.0,50.0,50.0,50.0,50.0
2020-10-05,50.0,50.0,50.0,50.0,600,50.0,50.0,50.0,50.0,50.0,50.0,50.0
2020-10-06,50.0,50.0,50.0,50.0,1700,50.0,50.0,50.0,50.0,50.0,50.0,50.0
2020-10-07,50.0,50.0,50.0,50.0,2400,50.0,50.0,50.0,50.0,50.0,50.0,50.0
2020-10-08,50.0,50.0,50.0,50.0,12600,50.0,50.0,50.0,50.0,50.0,50.0,50.0
2020-10-09,50.0,50.0,50.0,50.0,45200,50.0,50.0,50.0,50.0,50.0,50.0,50.0
2020-10-12,50.0,50.0,50.0,50.0,400,50.0,50.0,50.0,50.0,50.0,50.0,50.0
2020-10-13,50.0,50.0,50.0,50.0,5200,50.0,50.0,50.0,50.0,50.0,50.0,50.0
2020-10-14,50.0,50.0,50.0,50.0,100,50.0,50.0,50.0,50.0,50.0,50.0,50.0
2020-10-15,50.0,50.0,50.0,50.0,0,50.0,50.0,50.0,50.0,50.0,50.0,50.0
2020-10-16,50.0,50.0,50.0,50.0,100,50.0,50.0,50.0,50.0,50.0,50.0,50.0
2020-10-19,50.0,50.0,50.0,50.0,2100,50.0,50.0,50.0,50.0,50.0,50.0,50.0
2020-10-20,50.0,50.0,50.0,50.0,17800,50.0,50.0,50.0,50.0,50.0,50.0,50.0
2020-10-21,50.0,50.0,50.0,50.0,0,50.0,50.0,50.0,50.0,50.0,50.0,50.0
2020-10-22,50.0,50.0,50.0,50.0,1500,50.0,50.0,50.0,50.0,50.0,50.0,50.0
2020-10-23,50.0,50.0,50.0,50.0,1500,50.0,50.0,50.0,50.0,50.0,50.0,50.0
2020-10-26,50.0,50.0,50.0,50.0,15400,50.0,50.0,50.0,50.0,50.0,50.0,50.0
2020-10-27,50.0,50.0,50.0,50.0,0,50.0,50.0,50.0,50.0,50.0,50.0,50.0
2020-11-02,50.0,50.0,50.0,50.0,1500,50.0,50.0,50.0,50.0,50.0,50.0,50.0
2020-11-03,50.0,50.0,50.0,50.0,100,50.0,50.0,50.0,50.0,50.0,50.0,50.0
2020-11-04,50.0,50.0,50.0,50.0,78500,50.0,50.0,50.0,50.0,50.0,50.0,50.0
2020-11-05,50.0,50.0,50.0,50.0,17500,50.0,50.0,50.0,50.0,50.0,50.0,50.0
2020-11-06,50.0,50.0,50.0,50.0,26100,50.0,50.0,50.0,50.0,50.0,50.0,50.0
2020-11-09,50.0,50.0,50.0,50.0,183000,50.0,50.0,50.0,50.0,50.0,50.0,50.0
2020-11-10,50.0,50.0,50.0,50.0,51400,50.0,50.0,50.0,50.0,50.0,50.0,50.0
2020-11-11,50.0,50.0,50.0,50.0,40300,50.0,50.0,50.0,50.0,50.0,50.0,50.0
2020-11-12,50.0,50.0,50.0,50.0,41600,50.0,50.0,50.0,50.0,50.0,50.0,50.0
2020-11-13,50.0,50.0,50.0,50.0,16200,50.0,50.0,50.0,50.0,50.0,50.0,50.0
2020-11-16,50.0,50.0,50.0,50.0,4100,50.0,50.0,50.0,50.0,50.0,50.0,50.0
2020-11-17,50.0,50.0,50.0,50.0,417900,50.0,50.0,50.0,50.0,50.0,50.0,50.0
2020-11-18,50.0,50.0,50.0,50.0,291400,50.0,50.0,50.0,50.0,50.0,50.0,50.0
2020-11-19,50.0,50.0,50.0,50.0,16000,50.0,50.0,50.0,50.0,50.0,50.0,50.0
2020-11-20,50.0,50.0,50.0,50.0,63400,50.0,50.0,50.0,50.0,50.0,50.0,50.0
2020-11-23,50.0,50.0,50.0,50.0,931600,50.0,50.0,50.0,50.0,50.0,50.0,50.0
2020-11-24,50.0,50.0,50.0,50.0,59100,50.0,50.0,50.0,50.0,50.0,50.0,50.0
2020-11-25,50.0,50.0,50.0,50.0,200000,50.0,50.0,50.0,50.0,50.0,50.0,50.0
2020-11-26,50.0,59.0,50.0,52.0,130929600,50.0,50.0,50.0,50.0,50.0,50.0,50.0
2020-11-27,54.0,60.0,52.0,53.0,147719500,53.666666666666664,57.33333333333333,62.666666666666664,66.33333333333333,48.33333333333333,44.666666666666664,39.33333333333333
2020-11-30,52.0,55.0,50.0,50.0,32541400,55.0,58.0,63.0,66.0,50.0,47.0,42.0
2020-12-01,50.0,50.0,50.0,50.0,987100,51.666666666666664,53.33333333333333,56.666666666666664,58.33333333333333,48.33333333333333,46.666666666666664,43.33333333333333
2020-12-02,50.0,50.0,50.0,50.0,718000,50.0,50.0,50.0,50.0,50.0,50.0,50.0
2020-12-03,50.0,50.0,50.0,50.0,141200,50.0,50.0,50.0,50.0,50.0,50.0,50.0
2020-12-04,50.0,52.0,50.0,50.0,42781400,50.0,50.0,50.0,50.0,50.0,50.0,50.0
2020-12-07,50.0,50.0,50.0,50.0,1442200,50.666666666666664,51.33333333333333,52.666666666666664,53.33333333333333,49.33333333333333,48.666666666666664,47.33333333333333
2020-12-08,50.0,50.0,50.0,50.0,52900,50.0,50.0,50.0,50.0,50.0,50.0,50.0
2020-12-10,50.0,50.0,50.0,50.0,139800,50.0,50.0,50.0,50.0,50.0,50.0,50.0
2020-12-11,50.0,50.0,50.0,50.0,301400,50.0,50.0,50.0,50.0,50.0,50.0,50.0
2020-12-14,50.0,50.0,50.0,50.0,3882300,50.0,50.0,50.0,50.0,50.0,50.0,50.0
2020-12-15,50.0,50.0,50.0,50.0,250800,50.0,50.0,50.0,50.0,50.0,50.0,50.0
2020-12-16,50.0,50.0,50.0,50.0,2079100,50.0,50.0,50.0,50.0,50.0,50.0,50.0
2020-12-17,50.0,50.0,50.0,50.0,1723900,50.0,50.0,50.0,50.0,50.0,50.0,50.0
2020-12-18,50.0,50.0,50.0,50.0,187200,50.0,50.0,50.0,50.0,50.0,50.0,50.0
2020-12-21,50.0,52.0,50.0,50.0,90460800,50.0,50.0,50.0,50.0,50.0,50.0,50.0
2020-12-22,50.0,50.0,50.0,50.0,5134000,50.666666666666664,51.33333333333333,52.666666666666664,53.33333333333333,49.33333333333333,48.666666666666664,47.33333333333333
2020-12-23,50.0,50.0,50.0,50.0,1343700,50.0,50.0,50.0,50.0,50.0,50.0,50.0
2020-12-28,50.0,50.0,50.0,50.0,276900,50.0,50.0,50.0,50.0,50.0,50.0,50.0
2020-12-29,50.0,50.0,50.0,50.0,1942700,50.0,50.0,50.0,50.0,50.0,50.0,50.0
2020-12-30,50.0,50.0,50.0,50.0,6800,50.0,50.0,50.0,50.0,50.0,50.0,50.0
2021-01-04,50.0,50.0,50.0,50.0,657700,50.0,50.0,50.0,50.0,50.0,50.0,50.0
2021-01-05,50.0,50.0,50.0,50.0,15500,50.0,50.0,50.0,50.0,50.0,50.0,50.0
2021-01-06,50.0,50.0,50.0,50.0,31100,50.0,50.0,50.0,50.0,50.0,50.0,50.0
2021-01-07,50.0,50.0,50.0,50.0,100400,50.0,50.0,50.0,50.0,50.0,50.0,50.0
2021-01-08,50.0,50.0,50.0,50.0,102500,50.0,50.0,50.0,50.0,50.0,50.0,50.0
2021-01-11,50.0,50.0,50.0,50.0,174700,50.0,50.0,50.0,50.0,50.0,50.0,50.0
2021-01-12,50.0,50.0,50.0,50.0,148500,50.0,50.0,50.0,50.0,50.0,50.0,50.0
2021-01-13,50.0,50.0,50.0,50.0,264600,50.0,50.0,50.0,50.0,50.0,50.0,50.0
2021-01-14,50.0,50.0,50.0,50.0,195700,50.0,50.0,50.0,50.0,50.0,50.0,50.0
2021-01-15,50.0,50.0,50.0,50.0,76600,50.0,50.0,50.0,50.0,50.0,50.0,50.0
2021-01-18,50.0,50.0,50.0,50.0,709600,50.0,50.0,50.0,50.0,50.0,50.0,50.0
2021-01-19,50.0,50.0,50.0,50.0,1197200,50.0,50.0,50.0,50.0,50.0,50.0,50.0
2021-01-20,50.0,50.0,50.0,50.0,172300,50.0,50.0,50.0,50.0,50.0,50.0,50.0
2021-01-21,50.0,50.0,50.0,50.0,60000,50.0,50.0,50.0,50.0,50.0,50.0,50.0
2021-01-22,50.0,50.0,50.0,50.0,3600,50.0,50.0,50.0,50.0,50.0,50.0,50.0
2021-01-25,50.0,50.0,50.0,50.0,2200,50.0,50.0,50.0,50.0,50.0,50.0,50.0
2021-01-26,50.0,50.0,50.0,50.0,500,50.0,50.0,50.0,50.0,50.0,50.0,50.0
2021-01-27,50.0,50.0,50.0,50.0,21300,50.0,50.0,50.0,50.0,50.0,50.0,50.0
2021-01-28,50.0,50.0,50.0,50.0,57100,50.0,50.0,50.0,50.0,50.0,50.0,50.0
2021-01-29,50.0,50.0,50.0,50.0,100,50.0,50.0,50.0,50.0,50.0,50.0,50.0
2021-02-01,50.0,50.0,50.0,50.0,52900,50.0,50.0,50.0,50.0,50.0,50.0,50.0
2021-02-02,50.0,50.0,50.0,50.0,22800,50.0,50.0,50.0,50.0,50.0,50.0,50.0
2021-02-03,50.0,50.0,50.0,50.0,9200,50.0,50.0,50.0,50.0,50.0,50.0,50.0
2021-02-04,50.0,50.0,50.0,50.0,28000,50.0,50.0,50.0,50.0,50.0,50.0,50.0
2021-02-05,50.0,50.0,50.0,50.0,1300,50.0,50.0,50.0,50.0,50.0,50.0,50.0
2021-02-08,50.0,50.0,50.0,50.0,1900,50.0,50.0,50.0,50.0,50.0,50.0,50.0
2021-02-09,50.0,50.0,50.0,50.0,1800,50.0,50.0,50.0,50.0,50.0,50.0,50.0
2021-02-10,50.0,50.0,50.0,50.0,700,50.0,50.0,50.0,50.0,50.0,50.0,50.0
2021-02-11,50.0,50.0,50.0,50.0,4100,50.0,50.0,50.0,50.0,50.0,50.0,50.0
2021-02-15,50.0,50.0,50.0,50.0,9000,50.0,50.0,50.0,50.0,50.0,50.0,50.0
2021-02-16,50.0,50.0,50.0,50.0,107300,50.0,50.0,50.0,50.0,50.0,50.0,50.0
2021-02-17,50.0,50.0,50.0,50.0,356000,50.0,50.0,50.0,50.0,50.0,50.0,50.0
2021-02-18,50.0,50.0,50.0,50.0,64300,50.0,50.0,50.0,50.0,50.0,50.0,50.0
2021-02-19,50.0,50.0,50.0,50.0,4700,50.0,50.0,50.0,50.0,50.0,50.0,50.0
2021-02-22,50.0,50.0,50.0,50.0,1000,50.0,50.0,50.0,50.0,50.0,50.0,50.0
2021-02-23,50.0,50.0,50.0,50.0,1200,50.0,50.0,50.0,50.0,50.0,50.0,50.0
2021-02-24,50.0,50.0,50.0,50.0,1700,50.0,50.0,50.0,50.0,50.0,50.0,50.0
2021-02-25,50.0,50.0,50.0,50.0,11700,50.0,50.0,50.0,50.0,50.0,50.0,50.0
2021-02-26,50.0,50.0,50.0,50.0,1000,50.0,50.0,50.0,50.0,50.0,50.0,50.0
2021-03-01,50.0,50.0,50.0,50.0,600,50.0,50.0,50.0,50.0,50.0,50.0,50.0
2021-03-02,50.0,50.0,50.0,50.0,113400,50.0,50.0,50.0,50.0,50.0,50.0,50.0
2021-03-03,50.0,50.0,50.0,50.0,19200,50.0,50.0,50.0,50.0,50.0,50.0,50.0
2021-03-04,50.0,50.0,50.0,50.0,44000,50.0,50.0,50.0,50.0,50.0,50.0,50.0
2021-03-05,50.0,50.0,50.0,50.0,800,50.0,50.0,50.0,50.0,50.0,50.0,50.0
2021-03-08,50.0,50.0,50.0,50.0,27000,50.0,50.0,50.0,50.0,50.0,50.0,50.0
2021-03-09,50.0,50.0,50.0,50.0,1400,50.0,50.0,50.0,50.0,50.0,50.0,50.0
2021-03-10,50.0,50.0,50.0,50.0,132400,50.0,50.0,50.0,50.0,50.0,50.0,50.0
2021-03-12,50.0,50.0,50.0,50.0,12300,50.0,50.0,50.0,50.0,50.0,50.0,50.0
2021-03-15,50.0,50.0,50.0,50.0,36100,50.0,50.0,50.0,50.0,50.0,50.0,50.0
2021-03-16,50.0,50.0,50.0,50.0,17600,50.0,50.0,50.0,50.0,50.0,50.0,50.0
2021-03-17,50.0,50.0,50.0,50.0,2300,50.0,50.0,50.0,50.0,50.0,50.0,50.0
2021-03-18,50.0,50.0,50.0,50.0,1400,50.0,50.0,50.0,50.0,50.0,50.0,50.0
2021-03-19,50.0,50.0,50.0,50.0,26200,50.0,50.0,50.0,50.0,50.0,50.0,50.0
2021-03-22,50.0,50.0,50.0,50.0,5400,50.0,50.0,50.0,50.0,50.0,50.0,50.0
2021-03-23,50.0,50.0,50.0,50.0,14100,50.0,50.0,50.0,50.0,50.0,50.0,50.0
2021-03-24,50.0,50.0,50.0,50.0,10200,50.0,50.0,50.0,50.0,50.0,50.0,50.0
2021-03-25,50.0,50.0,50.0,50.0,91300,50.0,50.0,50.0,50.0,50.0,50.0,50.0
2021-03-26,50.0,50.0,50.0,50.0,2100,50.0,50.0,50.0,50.0,50.0,50.0,50.0
2021-03-29,50.0,50.0,50.0,50.0,103100,50.0,50.0,50.0,50.0,50.0,50.0,50.0
2021-03-30,50.0,50.0,50.0,50.0,51400,50.0,50.0,50.0,50.0,50.0,50.0,50.0
2021-03-31,50.0,50.0,50.0,50.0,700,50.0,50.0,50.0,50.0,50.0,50.0,50.0
2021-04-01,50.0,50.0,50.0,50.0,300,50.0,50.0,50.0,50.0,50.0,50.0,50.0
2021-04-05,50.0,50.0,50.0,50.0,10000,50.0,50.0,50.0,50.0,50.0,50.0,50.0
2021-04-06,50.0,50.0,50.0,50.0,3100,50.0,50.0,50.0,50.0,50.0,50.0,50.0
2021-04-07,50.0,50.0,50.0,50.0,12100,50.0,50.0,50.0,50.0,50.0,50.0,50.0
2021-04-08,50.0,50.0,50.0,50.0,160700,50.0,50.0,50.0,50.0,50.0,50.0,50.0
2021-04-09,50.0,50.0,50.0,50.0,4400,50.0,50.0,50.0,50.0,50.0,50.0,50.0
2021-04-12,50.0,50.0,50.0,50.0,96300,50.0,50.0,50.0,50.0,50.0,50.0,50.0
2021-04-13,50.0,50.0,50.0,50.0,2006800,50.0,50.0,50.0,50.0,50.0,50.0,50.0
2021-04-14,50.0,50.0,50.0,50.0,6300,50.0,50.0,50.0,50.0,50.0,50.0,50.0
2021-04-15,50.0,50.0,50.0,50.0,5900,50.0,50.0,50.0,50.0,50.0,50.0,50.0
2021-04-16,50.0,50.0,50.0,50.0,38300,50.0,50.0,50.0,50.0,50.0,50.0,50.0
2021-04-19,50.0,50.0,50.0,50.0,900,50.0,50.0,50.0,50.0,50.0,50.0,50.0
2021-04-20,50.0,50.0,50.0,50.0,10500,50.0,50.0,50.0,50.0,50.0,50.0,50.0
2021-04-21,50.0,50.0,50.0,50.0,3300,50.0,50.0,50.0,50.0,50.0,50.0,50.0
2021-04-22,50.0,53.0,50.0,51.0,63493900,50.0,50.0,50.0,50.0,50.0,50.0,50.0
2021-04-23,50.0,50.0,50.0,50.0,6458500,51.333333333333336,52.66666666666667,54.333333333333336,55.66666666666667,49.66666666666667,48.333333333333336,46.66666666666667
2021-04-26,50.0,50.0,50.0,50.0,42700,50.0,50.0,50.0,50.0,50.0,50.0,50.0
2021-04-27,50.0,50.0,50.0,50.0,243300,50.0,50.0,50.0,50.0,50.0,50.0,50.0
2021-04-28,50.0,50.0,50.0,50.0,40200,50.0,50.0,50.0,50.0,50.0,50.0,50.0
2021-04-29,50.0,50.0,50.0,50.0,36800,50.0,50.0,50.0,50.0,50.0,50.0,50.0
2021-04-30,50.0,50.0,50.0,50.0,32300,50.0,50.0,50.0,50.0,50.0,50.0,50.0
2021-05-03,50.0,50.0,50.0,50.0,25300,50.0,50.0,50.0,50.0,50.0,50.0,50.0
2021-05-04,50.0,50.0,50.0,50.0,63400,50.0,50.0,50.0,50.0,50.0,50.0,50.0
2021-05-05,50.0,50.0,50.0,50.0,90400,50.0,50.0,50.0,50.0,50.0,50.0,50.0
2021-05-06,50.0,50.0,50.0,50.0,20800,50.0,50.0,50.0,50.0,50.0,50.0,50.0
2021-05-07,50.0,50.0,50.0,50.0,28900,50.0,50.0,50.0,50.0,50.0,50.0,50.0
2021-05-10,50.0,50.0,50.0,50.0,13200,50.0,50.0,50.0,50.0,50.0,50.0,50.0
2021-05-11,50.0,50.0,50.0,50.0,474800,50.0,50.0,50.0,50.0,50.0,50.0,50.0
2021-05-17,50.0,50.0,50.0,50.0,352000,50.0,50.0,50.0,50.0,50.0,50.0,50.0
2021-05-18,50.0,50.0,50.0,50.0,270000,50.0,50.0,50.0,50.0,50.0,50.0,50.0
2021-05-19,50.0,50.0,50.0,50.0,110100,50.0,50.0,50.0,50.0,50.0,50.0,50.0
2021-05-20,50.0,50.0,50.0,50.0,13600,50.0,50.0,50.0,50.0,50.0,50.0,50.0
2021-05-21,50.0,50.0,50.0,50.0,393400,50.0,50.0,50.0,50.0,50.0,50.0,50.0
2021-05-24,50.0,50.0,50.0,50.0,1347900,50.0,50.0,50.0,50.0,50.0,50.0,50.0
2021-05-25,50.0,50.0,50.0,50.0,22400,50.0,50.0,50.0,50.0,50.0,50.0,50.0
2021-05-27,50.0,50.0,50.0,50.0,12900,50.0,50.0,50.0,50.0,50.0,50.0,50.0
2021-05-28,50.0,50.0,50.0,50.0,8700,50.0,50.0,50.0,50.0,50.0,50.0,50.0
2021-05-31,50.0,50.0,50.0,50.0,226100,50.0,50.0,50.0,50.0,50.0,50.0,50.0
2021-06-02,50.0,50.0,50.0,50.0,269600,50.0,50.0,50.0,50.0,50.0,50.0,50.0
2021-06-03,50.0,50.0,50.0,50.0,363000,50.0,50.0,50.0,50.0,50.0,50.0,50.0
2021-06-04,50.0,50.0,50.0,50.0,162800,50.0,50.0,50.0,50.0,50.0,50.0,50.0
2021-06-07,50.0,50.0,50.0,50.0,725100,50.0,50.0,50.0,50.0,50.0,50.0,50.0
2021-06-08,50.0,50.0,50.0,50.0,9600,50.0,50.0,50.0,50.0,50.0,50.0,50.0
2021-06-09,50.0,50.0,50.0,50.0,800,50.0,50.0,50.0,50.0,50.0,50.0,50.0
2021-06-10,50.0,50.0,50.0,50.0,34800,50.0,50.0,50.0,50.0,50.0,50.0,50.0
2021-06-11,50.0,50.0,50.0,50.0,188700,50.0,50.0,50.0,50.0,50.0,50.0,50.0
2021-06-14,50.0,50.0,50.0,50.0,18400,50.0,50.0,50.0,50.0,50.0,50.0,50.0
2021-06-15,50.0,50.0,50.0,50.0,120600,50.0,50.0,50.0,50.0,50.0,50.0,50.0
2021-06-16,50.0,50.0,50.0,50.0,40800,50.0,50.0,50.0,50.0,50.0,50.0,50.0
2021-06-17,50.0,50.0,50.0,50.0,229500,50.0,50.0,50.0,50.0,50.0,50.0,50.0
2021-06-18,50.0,50.0,50.0,50.0,2900,50.0,50.0,50.0,50.0,50.0,50.0,50.0
2021-06-21,50.0,50.0,50.0,50.0,400,50.0,50.0,50.0,50.0,50.0,50.0,50.0
2021-06-22,50.0,50.0,50.0,50.0,101300,50.0,50.0,50.0,50.0,50.0,50.0,50.0
2021-06-23,50.0,50.0,50.0,50.0,10500,50.0,50.0,50.0,50.0,50.0,50.0,50.0
2021-06-24,50.0,50.0,50.0,50.0,13400,50.0,50.0,50.0,50.0,50.0,50.0,50.0
2021-06-25,50.0,50.0,50.0,50.0,25000,50.0,50.0,50.0,50.0,50.0,50.0,50.0
2021-06-28,50.0,50.0,50.0,50.0,161400,50.0,50.0,50.0,50.0,50.0,50.0,50.0
2021-06-29,50.0,50.0,50.0,50.0,100,50.0,50.0,50.0,50.0,50.0,50.0,50.0
2021-06-30,50.0,50.0,50.0,50.0,8100,50.0,50.0,50.0,50.0,50.0,50.0,50.0
2021-07-01,50.0,50.0,50.0,50.0,600,50.0,50.0,50.0,50.0,50.0,50.0,50.0
2021-07-02,50.0,50.0,50.0,50.0,6700,50.0,50.0,50.0,50.0,50.0,50.0,50.0
2021-07-05,50.0,50.0,50.0,50.0,300,50.0,50.0,50.0,50.0,50.0,50.0,50.0
2021-07-06,50.0,50.0,50.0,50.0,200,50.0,50.0,50.0,50.0,50.0,50.0,50.0
2021-07-07,50.0,50.0,50.0,50.0,302900,50.0,50.0,50.0,50.0,50.0,50.0,50.0
2021-07-08,50.0,50.0,50.0,50.0,5300,50.0,50.0,50.0,50.0,50.0,50.0,50.0
2021-07-09,50.0,50.0,50.0,50.0,2800,50.0,50.0,50.0,50.0,50.0,50.0,50.0
2021-07-12,50.0,50.0,50.0,50.0,1200,50.0,50.0,50.0,50.0,50.0,50.0,50.0
2021-07-13,50.0,50.0,50.0,50.0,500,50.0,50.0,50.0,50.0,50.0,50.0,50.0
2021-07-14,50.0,50.0,50.0,50.0,2100,50.0,50.0,50.0,50.0,50.0,50.0,50.0
2021-07-15,50.0,50.0,50.0,50.0,3100,50.0,50.0,50.0,50.0,50.0,50.0,50.0
2021-07-16,50.0,50.0,50.0,50.0,1700,50.0,50.0,50.0,50.0,50.0,50.0,50.0
2021-07-19,50.0,50.0,50.0,50.0,100,50.0,50.0,50.0,50.0,50.0,50.0,50.0
2021-07-21,50.0,50.0,50.0,50.0,77400,50.0,50.0,50.0,50.0,50.0,50.0,50.0
2021-07-22,50.0,50.0,50.0,50.0,15200,50.0,50.0,50.0,50.0,50.0,50.0,50.0
2021-07-23,50.0,50.0,50.0,50.0,3300,50.0,50.0,50.0,50.0,50.0,50.0,50.0
2021-07-26,50.0,50.0,50.0,50.0,2600,50.0,50.0,50.0,50.0,50.0,50.0,50.0
2021-07-27,50.0,50.0,50.0,50.0,4500,50.0,50.0,50.0,50.0,50.0,50.0,50.0
2021-07-28,50.0,50.0,50.0,50.0,3900,50.0,50.0,50.0,50.0,50.0,50.0,50.0
2021-07-29,50.0,50.0,50.0,50.0,4400,50.0,50.0,50.0,50.0,50.0,50.0,50.0
2021-07-30,50.0,50.0,50.0,50.0,202900,50.0,50.0,50.0,50.0,50.0,50.0,50.0
2021-08-02,50.0,50.0,50.0,50.0,2500,50.0,50.0,50.0,50.0,50.0,50.0,50.0
2021-08-03,50.0,50.0,50.0,50.0,100,50.0,50.0,50.0,50.0,50.0,50.0,50.0
2021-08-04,50.0,50.0,50.0,50.0,4000,50.0,50.0,50.0,50.0,50.0,50.0,50.0
2021-08-05,50.0,50.0,50.0,50.0,10200,50.0,50.0,50.0,50.0,50.0,50.0,50.0
2021-08-06,50.0,50.0,50.0,50.0,12400,50.0,50.0,50.0,50.0,50.0,50.0,50.0
2021-08-09,50.0,50.0,50.0,50.0,5600,50.0,50.0,50.0,50.0,50.0,50.0,50.0
2021-08-10,50.0,50.0,50.0,50.0,3200,50.0,50.0,50.0,50.0,50.0,50.0,50.0
2021-08-12,50.0,50.0,50.0,50.0,6900,50.0,50.0,50.0,50.0,50.0,50.0,50.0
2021-08-13,50.0,50.0,50.0,50.0,800,50.0,50.0,50.0,50.0,50.0,50.0,50.0
2021-08-16,50.0,50.0,50.0,50.0,106900,50.0,50.0,50.0,50.0,50.0,50.0,50.0
2021-08-18,50.0,50.0,50.0,50.0,40600,50.0,50.0,50.0,50.0,50.0,50.0,50.0
2021-08-19,50.0,50.0,50.0,50.0,14400,50.0,50.0,50.0,50.0,50.0,50.0,50.0
2021-08-20,50.0,50.0,50.0,50.0,2000,50.0,50.0,50.0,50.0,50.0,50.0,50.0
2021-08-23,50.0,50.0,50.0,50.0,3800,50.0,50.0,50.0,50.0,50.0,50.0,50.0
2021-08-24,50.0,50.0,50.0,50.0,13700,50.0,50.0,50.0,50.0,50.0,50.0,50.0
2021-08-25,50.0,50.0,50.0,50.0,142900,50.0,50.0,50.0,50.0,50.0,50.0,50.0
2021-08-26,50.0,50.0,50.0,50.0,13500,50.0,50.0,50.0,50.0,50.0,50.0,50.0
2021-08-27,50.0,50.0,50.0,50.0,6100,50.0,50.0,50.0,50.0,50.0,50.0,50.0
2021-08-30,50.0,50.0,50.0,50.0,700,50.0,50.0,50.0,50.0,50.0,50.0,50.0
2021-08-31,50.0,50.0,50.0,50.0,300,50.0,50.0,50.0,50.0,50.0,50.0,50.0
2021-09-01,50.0,50.0,50.0,50.0,84800,50.0,50.0,50.0,50.0,50.0,50.0,50.0
2021-09-02,50.0,50.0,50.0,50.0,12600,50.0,50.0,50.0,50.0,50.0,50.0,50.0
2021-09-03,50.0,50.0,50.0,50.0,2300,50.0,50.0,50.0,50.0,50.0,50.0,50.0
2021-09-06,50.0,50.0,50.0,50.0,67900,50.0,50.0,50.0,50.0,50.0,50.0,50.0
2021-09-07,50.0,50.0,50.0,50.0,13900,50.0,50.0,50.0,50.0,50.0,50.0,50.0
2021-09-08,50.0,50.0,50.0,50.0,343000,50.0,50.0,50.0,50.0,50.0,50.0,50.0
2021-09-09,50.0,50.0,50.0,50.0,37100,50.0,50.0,50.0,50.0,50.0,50.0,50.0
2021-09-10,50.0,50.0,50.0,50.0,3900,50.0,50.0,50.0,50.0,50.0,50.0,50.0
2021-09-13,50.0,50.0,50.0,50.0,14400,50.0,50.0,50.0,50.0,50.0,50.0,50.0
2021-09-14,50.0,50.0,50.0,50.0,3200,50.0,50.0,50.0,50.0,50.0,50.0,50.0
2021-09-15,50.0,50.0,50.0,50.0,500,50.0,50.0,50.0,50.0,50.0,50.0,50.0
2021-09-16,50.0,50.0,50.0,50.0,18300,50.0,50.0,50.0,50.0,50.0,50.0,50.0
2021-09-17,50.0,50.0,50.0,50.0,35700,50.0,50.0,50.0,50.0,50.0,50.0,50.0
2021-09-20,50.0,50.0,50.0,50.0,5300,50.0,50.0,50.0,50.0,50.0,50.0,50.0
2021-09-21,50.0,50.0,50.0,50.0,10400,50.0,50.0,50.0,50.0,50.0,50.0,50.0
2021-09-22,50.0,50.0,50.0,50.0,16700,50.0,50.0,50.0,50.0,50.0,50.0,50.0
2021-09-23,50.0,50.0,50.0,50.0,25200,50.0,50.0,50.0,50.0,50.0,50.0,50.0
2021-09-24,50.0,50.0,50.0,50.0,7100,50.0,50.0,50.0,50.0,50.0,50.0,50.0
2021-09-27,50.0,50.0,50.0,50.0,315000,50.0,50.0,50.0,50.0,50.0,50.0,50.0
2021-09-28,50.0,50.0,50.0,50.0,27100,50.0,50.0,50.0,50.0,50.0,50.0,50.0
2021-09-29,50.0,50.0,50.0,50.0,129500,50.0,50.0,50.0,50.0,50.0,50.0,50.0
2021-09-30,50.0,50.0,50.0,50.0,2500,50.0,50.0,50.0,50.0,50.0,50.0,50.0
2021-10-01,50.0,50.0,50.0,50.0,111800,50.0,50.0,50.0,50.0,50.0,50.0,50.0
2021-10-04,50.0,50.0,50.0,50.0,15600,50.0,50.0,50.0,50.0,50.0,50.0,50.0
2021-10-05,50.0,50.0,50.0,50.0,4900,50.0,50.0,50.0,50.0,50.0,50.0,50.0
2021-10-06,50.0,50.0,50.0,50.0,27400,50.0,50.0,50.0,50.0,50.0,50.0,50.0
2021-10-07,50.0,50.0,50.0,50.0,5900,50.0,50.0,50.0,50.0,50.0,50.0,50.0
2021-10-08,50.0,50.0,50.0,50.0,1584100,50.0,50.0,50.0,50.0,50.0,50.0,50.0
2021-10-11,50.0,50.0,50.0,50.0,138300,50.0,50.0,50.0,50.0,50.0,50.0,50.0
2021-10-12,50.0,50.0,50.0,50.0,196000,50.0,50.0,50.0,50.0,50.0,50.0,50.0
2021-10-13,50.0,50.0,50.0,50.0,27900,50.0,50.0,50.0,50.0,50.0,50.0,50.0
2021-10-14,50.0,50.0,50.0,50.0,4457100,50.0,50.0,50.0,50.0,50.0,50.0,50.0
2021-10-15,50.0,50.0,50.0,50.0,312000,50.0,50.0,50.0,50.0,50.0,50.0,50.0
2021-10-18,50.0,50.0,50.0,50.0,147200,50.0,50.0,50.0,50.0,50.0,50.0,50.0
2021-10-19,50.0,50.0,50.0,50.0,1856200,50.0,50.0,50.0,50.0,50.0,50.0,50.0
2021-10-21,50.0,50.0,50.0,50.0,1072200,50.0,50.0,50.0,50.0,50.0,50.0,50.0
2021-10-22,50.0,50.0,50.0,50.0,103300,50.0,50.0,50.0,50.0,50.0,50.0,50.0
2021-10-25,50.0,50.0,50.0,50.0,44200,50.0,50.0,50.0,50.0,50.0,50.0,50.0
2021-10-26,50.0,50.0,50.0,50.0,8500,50.0,50.0,50.0,50.0,50.0,50.0,50.0
2021-10-27,50.0,50.0,50.0,50.0,2200,50.0,50.0,50.0,50.0,50.0,50.0,50.0
2021-10-28,50.0,50.0,50.0,50.0,2800,50.0,50.0,50.0,50.0,50.0,50.0,50.0
2021-10-29,50.0,50.0,50.0,50.0,2900,50.0,50.0,50.0,50.0,50.0,50.0,50.0
2021-11-01,50.0,50.0,50.0,50.0,12400,50.0,50.0,50.0,50.0,50.0,50.0,50.0
2021-11-02,50.0,50.0,50.0,50.0,54300,50.0,50.0,50.0,50.0,50.0,50.0,50.0
2021-11-03,50.0,50.0,50.0,50.0,6600,50.0,50.0,50.0,50.0,50.0,50.0,50.0
2021-11-04,50.0,50.0,50.0,50.0,55800,50.0,50.0,50.0,50.0,50.0,50.0,50.0
2021-11-05,50.0,50.0,50.0,50.0,82100,50.0,50.0,50.0,50.0,50.0,50.0,50.0
2021-11-08,50.0,50.0,50.0,50.0,7500,50.0,50.0,50.0,50.0,50.0,50.0,50.0
2021-11-09,50.0,50.0,50.0,50.0,442100,50.0,50.0,50.0,50.0,50.0,50.0,50.0
2021-11-10,50.0,50.0,50.0,50.0,5088000,50.0,50.0,50.0,50.0,50.0,50.0,50.0
2021-11-11,50.0,50.0,50.0,50.0,557800,50.0,50.0,50.0,50.0,50.0,50.0,50.0
2021-11-12,50.0,67.0,50.0,64.0,1129351200,50.0,50.0,50.0,50.0,50.0,50.0,50.0
2021-11-15,65.0,66.0,60.0,60.0,218957300,60.333333333333336,70.66666666666667,77.33333333333334,87.66666666666667,53.66666666666667,43.333333333333336,36.66666666666667
2021-11-16,56.0,62.0,56.0,57.0,267666500,62.0,64.0,68.0,70.0,58.0,56.0,52.0
2021-11-17,57.0,64.0,56.0,60.0,259251900,58.333333333333336,60.66666666666667,64.33333333333334,66.66666666666667,54.66666666666667,52.333333333333336,48.66666666666667
2021-11-18,61.0,62.0,56.0,58.0,111864600,60.0,64.0,68.0,72.0,56.0,52.0,48.0
2021-11-19,58.0,74.0,56.0,65.0,816378400,58.666666666666664,61.33333333333333,64.66666666666666,67.33333333333333,55.33333333333333,52.666666666666664,49.33333333333333
2021-11-22,66.0,77.0,63.0,68.0,646608000,65.0,74.0,83.0,92.0,56.0,47.0,38.0
2021-11-23,68.0,73.0,64.0,64.0,292517000,69.33333333333333,75.66666666666666,83.33333333333333,89.66666666666666,61.66666666666666,55.33333333333333,47.66666666666666
2021-11-24,64.0,65.0,60.0,61.0,88993200,67.0,70.0,76.0,79.0,61.0,58.0,52.0
2021-11-25,61.0,66.0,58.0,62.0,161567400,62.0,64.0,67.0,69.0,59.0,57.0,54.0
2021-11-26,62.0,65.0,58.0,60.0,110590600,62.0,66.0,70.0,74.0,58.0,54.0,50.0
2021-11-29,60.0,62.0,56.0,57.0,101954900,61.0,64.0,68.0,71.0,57.0,54.0,50.0
2021-11-30,57.0,61.0,54.0,55.0,80512100,58.333333333333336,60.66666666666667,64.33333333333334,66.66666666666667,54.66666666666667,52.333333333333336,48.66666666666667
2021-12-01,55.0,59.0,52.0,52.0,106629200,56.666666666666664,59.33333333333333,63.666666666666664,66.33333333333333,52.33333333333333,49.666666666666664,45.33333333333333
2021-12-02,52.0,59.0,50.0,53.0,180483900,54.333333333333336,56.66666666666667,61.333333333333336,63.66666666666667,49.66666666666667,47.333333333333336,42.66666666666667
2021-12-03,53.0,55.0,51.0,51.0,47902700,54.0,58.0,63.0,67.0,49.0,45.0,40.0
2021-12-06,53.0,53.0,50.0,51.0,37939800,52.333333333333336,53.66666666666667,56.333333333333336,57.66666666666667,49.66666666666667,48.333333333333336,45.66666666666667
2021-12-07,51.0,52.0,50.0,50.0,59046700,51.333333333333336,52.66666666666667,54.333333333333336,55.66666666666667,49.66666666666667,48.333333333333336,46.66666666666667
2021-12-08,50.0,51.0,50.0,50.0,7670400,50.666666666666664,51.33333333333333,52.666666666666664,53.33333333333333,49.33333333333333,48.666666666666664,47.33333333333333
2021-12-09,50.0,54.0,50.0,52.0,73608700,50.333333333333336,50.66666666666667,51.333333333333336,51.66666666666667,49.66666666666667,49.333333333333336,48.66666666666667
2021-12-10,51.0,56.0,51.0,52.0,86740300,52.0,54.0,56.0,58.0,50.0,48.0,46.0
2021-12-13,53.0,55.0,51.0,52.0,29657000,53.0,55.0,58.0,60.0,50.0,48.0,45.0
2021-12-14,52.0,59.0,52.0,55.0,253234000,52.666666666666664,54.33333333333333,56.666666666666664,58.33333333333333,50.33333333333333,48.666666666666664,46.33333333333333
2021-12-15,57.0,57.0,52.0,53.0,69903200,55.333333333333336,58.66666666666667,62.333333333333336,65.66666666666667,51.66666666666667,48.333333333333336,44.66666666666667
2021-12-16,53.0,55.0,51.0,51.0,21725500,54.0,56.0,59.0,61.0,51.0,49.0,46.0
2021-12-17,51.0,54.0,51.0,51.0,25119100,52.333333333333336,53.66666666666667,56.333333333333336,57.66666666666667,49.66666666666667,48.333333333333336,45.66666666666667
2021-12-20,51.0,53.0,50.0,52.0,27678500,52.0,53.0,55.0,56.0,50.0,49.0,47.0
2021-12-21,52.0,53.0,51.0,51.0,16736700,51.666666666666664,53.33333333333333,54.666666666666664,56.33333333333333,50.33333333333333,48.666666666666664,47.33333333333333
2021-12-22,52.0,55.0,51.0,53.0,83307000,51.666666666666664,52.33333333333333,53.666666666666664,54.33333333333333,50.33333333333333,49.666666666666664,48.33333333333333
2021-12-23,53.0,53.0,51.0,52.0,26061500,53.0,55.0,57.0,59.0,51.0,49.0,47.0
2021-12-24,52.0,52.0,50.0,51.0,16548900,52.0,53.0,54.0,55.0,51.0,50.0,49.0
2021-12-27,51.0,66.0,51.0,59.0,771099000,51.0,52.0,53.0,54.0,50.0,49.0,48.0
2021-12-28,59.0,62.0,55.0,55.0,164801000,58.666666666666664,66.33333333333333,73.66666666666666,81.33333333333333,51.33333333333333,43.666666666666664,36.33333333333333
2021-12-29,55.0,60.0,54.0,54.0,189119000,57.333333333333336,59.66666666666667,64.33333333333334,66.66666666666667,52.66666666666667,50.333333333333336,45.66666666666667
2021-12-30,54.0,62.0,53.0,56.0,259625500,56.0,58.0,62.0,64.0,52.0,50.0,46.0
2022-01-03,57.0,60.0,56.0,57.0,79020700,57.0,61.0,66.0,70.0,52.0,48.0,43.0
2022-01-04,57.0,58.0,55.0,56.0,45802900,57.666666666666664,59.33333333333333,61.666666666666664,63.33333333333333,55.33333333333333,53.666666666666664,51.33333333333333
2022-01-05,57.0,62.0,55.0,57.0,277124200,56.333333333333336,57.66666666666667,59.333333333333336,60.66666666666667,54.66666666666667,53.333333333333336,51.66666666666667
2022-01-06,57.0,58.0,54.0,54.0,60329300,58.0,61.0,65.0,68.0,54.0,51.0,47.0
2022-01-07,55.0,58.0,54.0,56.0,75252900,55.333333333333336,56.66666666666667,59.333333333333336,60.66666666666667,52.66666666666667,51.333333333333336,48.66666666666667
2022-01-10,58.0,58.0,55.0,55.0,33284900,56.0,58.0,60.0,62.0,54.0,52.0,50.0
2022-01-11,55.0,56.0,52.0,53.0,56335200,56.0,57.0,59.0,60.0,54.0,53.0,51.0
2022-01-12,53.0,54.0,51.0,51.0,31048300,53.666666666666664,55.33333333333333,57.666666666666664,59.33333333333333,51.33333333333333,49.666666666666664,47.33333333333333
2022-01-13,51.0,55.0,50.0,52.0,68925200,52.0,53.0,55.0,56.0,50.0,49.0,47.0
2022-01-14,52.0,53.0,51.0,52.0,8895000,52.333333333333336,54.66666666666667,57.333333333333336,59.66666666666667,49.66666666666667,47.333333333333336,44.66666666666667
2022-01-17,52.0,53.0,50.0,51.0,35334100,52.0,53.0,54.0,55.0,51.0,50.0,49.0
2022-01-18,50.0,52.0,50.0,50.0,15496000,51.333333333333336,52.66666666666667,54.333333333333336,55.66666666666667,49.66666666666667,48.333333333333336,46.66666666666667
2022-01-19,51.0,52.0,50.0,51.0,25916200,50.666666666666664,51.33333333333333,52.666666666666664,53.33333333333333,49.33333333333333,48.666666666666664,47.33333333333333
2022-01-20,51.0,59.0,51.0,54.0,382778100,51.0,52.0,53.0,54.0,50.0,49.0,48.0
2022-01-21,54.0,55.0,52.0,52.0,34260300,54.666666666666664,58.33333333333333,62.666666666666664,66.33333333333333,50.33333333333333,46.666666666666664,42.33333333333333
2022-01-24,53.0,55.0,52.0,53.0,32218500,53.0,54.0,56.0,57.0,51.0,50.0,48.0
2022-01-25,53.0,54.0,51.0,51.0,27122400,53.333333333333336,54.66666666666667,56.333333333333336,57.66666666666667,51.66666666666667,50.333333333333336,48.66666666666667
2022-01-26,52.0,52.0,50.0,51.0,29769500,52.0,53.0,55.0,56.0,50.0,49.0,47.0
2022-01-27,51.0,55.0,50.0,51.0,69933800,51.0,52.0,53.0,54.0,50.0,49.0,48.0
2022-01-28,51.0,53.0,51.0,52.0,15069500,52.0,54.0,57.0,59.0,49.0,47.0,44.0
2022-01-31,52.0,52.0,51.0,52.0,13105600,52.0,53.0,54.0,55.0,51.0,50.0,49.0
2022-02-02,52.0,52.0,51.0,51.0,12921400,51.666666666666664,52.33333333333333,52.666666666666664,53.33333333333333,51.33333333333333,50.666666666666664,50.33333333333333
2022-02-03,51.0,52.0,51.0,51.0,9633800,51.333333333333336,51.66666666666667,52.333333333333336,52.66666666666667,50.66666666666667,50.333333333333336,49.66666666666667
2022-02-04,51.0,52.0,50.0,50.0,14415900,51.333333333333336,51.66666666666667,52.333333333333336,52.66666666666667,50.66666666666667,50.333333333333336,49.66666666666667
2022-02-07,51.0,52.0,50.0,51.0,14028300,50.666666666666664,51.33333333333333,52.666666666666664,53.33333333333333,49.33333333333333,48.666666666666664,47.33333333333333
2022-02-08,51.0,54.0,51.0,52.0,46091800,51.0,52.0,53.0,54.0,50.0,49.0,48.0
2022-02-09,52.0,53.0,51.0,51.0,7059900,52.333333333333336,53.66666666666667,55.333333333333336,56.66666666666667,50.66666666666667,49.333333333333336,47.66666666666667
2022-02-10,51.0,52.0,51.0,52.0,11178600,51.666666666666664,52.33333333333333,53.666666666666664,54.33333333333333,50.33333333333333,49.666666666666664,48.33333333333333
2022-02-11,52.0,55.0,50.0,52.0,110544000,51.666666666666664,52.33333333333333,52.666666666666664,53.33333333333333,51.33333333333333,50.666666666666664,50.33333333333333
2022-02-14,52.0,55.0,51.0,51.0,93624500,52.333333333333336,54.66666666666667,57.333333333333336,59.66666666666667,49.66666666666667,47.333333333333336,44.66666666666667
2022-02-15,51.0,53.0,51.0,52.0,16423900,52.333333333333336,53.66666666666667,56.333333333333336,57.66666666666667,49.66666666666667,48.333333333333336,45.66666666666667
2022-02-16,52.0,53.0,51.0,52.0,12249800,52.0,53.0,54.0,55.0,51.0,50.0,49.0
2022-02-17,52.0,53.0,51.0,52.0,17813500,52.0,53.0,54.0,55.0,51.0,50.0,49.0
2022-02-18,52.0,61.0,50.0,54.0,379933500,52.0,53.0,54.0,55.0,51.0,50.0,49.0
2022-02-21,54.0,56.0,53.0,54.0,55667200,55.0,60.0,66.0,71.0,49.0,44.0,38.0
2022-02-22,54.0,55.0,51.0,53.0,28598200,54.333333333333336,55.66666666666667,57.333333333333336,58.66666666666667,52.66666666666667,51.333333333333336,49.66666666666667
2022-02-23,52.0,53.0,51.0,52.0,15762900,53.0,55.0,57.0,59.0,51.0,49.0,47.0
2022-02-24,52.0,52.0,50.0,51.0,46624200,52.0,53.0,54.0,55.0,51.0,50.0,49.0
2022-02-25,51.0,56.0,51.0,51.0,108263700,51.0,52.0,53.0,54.0,50.0,49.0,48.0
2022-03-01,52.0,53.0,51.0,52.0,15790900,52.666666666666664,54.33333333333333,57.666666666666664,59.33333333333333,49.33333333333333,47.666666666666664,44.33333333333333
2022-03-02,52.0,53.0,51.0,51.0,20564200,52.0,53.0,54.0,55.0,51.0,50.0,49.0
2022-03-04,52.0,52.0,51.0,52.0,10943900,51.666666666666664,52.33333333333333,53.666666666666664,54.33333333333333,50.33333333333333,49.666666666666664,48.33333333333333
2022-03-07,52.0,54.0,51.0,52.0,55747000,51.666666666666664,52.33333333333333,52.666666666666664,53.33333333333333,51.33333333333333,50.666666666666664,50.33333333333333
2022-03-08,52.0,53.0,51.0,52.0,11857200,52.333333333333336,53.66666666666667,55.333333333333336,56.66666666666667,50.66666666666667,49.333333333333336,47.66666666666667
2022-03-09,52.0,53.0,51.0,51.0,30971800,52.0,53.0,54.0,55.0,51.0,50.0,49.0
2022-03-10,51.0,52.0,50.0,51.0,12283300,51.666666666666664,52.33333333333333,53.666666666666664,54.33333333333333,50.33333333333333,49.666666666666664,48.33333333333333
2022-03-11,51.0,52.0,50.0,50.0,5165900,51.0,52.0,53.0,54.0,50.0,49.0,48.0
2022-03-14,51.0,51.0,50.0,50.0,10086000,50.666666666666664,51.33333333333333,52.666666666666664,53.33333333333333,49.33333333333333,48.666666666666664,47.33333333333333
2022-03-15,50.0,51.0,50.0,50.0,12068000,50.333333333333336,50.66666666666667,51.333333333333336,51.66666666666667,49.66666666666667,49.333333333333336,48.66666666666667
2022-03-16,51.0,51.0,50.0,50.0,22572800,50.333333333333336,50.66666666666667,51.333333333333336,51.66666666666667,49.66666666666667,49.333333333333336,48.66666666666667
2022-03-17,50.0,51.0,50.0,50.0,7913900,50.333333333333336,50.66666666666667,51.333333333333336,51.66666666666667,49.66666666666667,49.333333333333336,48.66666666666667
2022-03-18,50.0,51.0,50.0,50.0,5389300,50.333333333333336,50.66666666666667,51.333333333333336,51.66666666666667,49.66666666666667,49.333333333333336,48.66666666666667
2022-03-21,50.0,51.0,50.0,50.0,8008700,50.333333333333336,50.66666666666667,51.333333333333336,51.66666666666667,49.66666666666667,49.333333333333336,48.66666666666667
2022-03-22,50.0,52.0,50.0,51.0,24414500,50.333333333333336,50.66666666666667,51.333333333333336,51.66666666666667,49.66666666666667,49.333333333333336,48.66666666666667
2022-03-23,51.0,52.0,50.0,51.0,13313500,51.0,52.0,53.0,54.0,50.0,49.0,48.0
2022-03-24,51.0,52.0,50.0,51.0,3795300,51.0,52.0,53.0,54.0,50.0,49.0,48.0
2022-03-25,52.0,52.0,50.0,51.0,14624100,51.0,52.0,53.0,54.0,50.0,49.0,48.0
2022-03-28,51.0,51.0,50.0,50.0,12301700,51.0,52.0,53.0,54.0,50.0,49.0,48.0
2022-03-29,50.0,51.0,50.0,50.0,3484900,50.333333333333336,50.66666666666667,51.333333333333336,51.66666666666667,49.66666666666667,49.333333333333336,48.66666666666667
2022-03-30,51.0,52.0,50.0,52.0,13726100,50.333333333333336,50.66666666666667,51.333333333333336,51.66666666666667,49.66666666666667,49.333333333333336,48.66666666666667
2022-03-31,51.0,52.0,51.0,51.0,4878500,51.333333333333336,52.66666666666667,53.333333333333336,54.66666666666667,50.66666666666667,49.333333333333336,48.66666666666667
2022-04-01,51.0,51.0,50.0,50.0,3944300,51.333333333333336,51.66666666666667,52.333333333333336,52.66666666666667,50.66666666666667,50.333333333333336,49.66666666666667
2022-04-04,50.0,53.0,50.0,52.0,21205300,50.333333333333336,50.66666666666667,51.333333333333336,51.66666666666667,49.66666666666667,49.333333333333336,48.66666666666667
2022-04-05,51.0,54.0,51.0,53.0,14352900,51.666666666666664,53.33333333333333,54.666666666666664,56.33333333333333,50.33333333333333,48.666666666666664,47.33333333333333
2022-04-06,53.0,53.0,52.0,52.0,5600200,52.666666666666664,54.33333333333333,55.666666666666664,57.33333333333333,51.33333333333333,49.666666666666664,48.33333333333333
2022-04-07,53.0,56.0,52.0,54.0,65568200,52.333333333333336,52.66666666666667,53.333333333333336,53.66666666666667,51.66666666666667,51.333333333333336,50.66666666666667
2022-04-08,54.0,57.0,54.0,54.0,60366400,54.0,56.0,58.0,60.0,52.0,50.0,48.0
2022-04-11,55.0,56.0,54.0,54.0,16653700,55.0,56.0,58.0,59.0,53.0,52.0,50.0
2022-04-12,54.0,55.0,53.0,53.0,10609800,54.666666666666664,55.33333333333333,56.666666666666664,57.33333333333333,53.33333333333333,52.666666666666664,51.33333333333333
2022-04-13,53.0,55.0,53.0,54.0,10595800,53.666666666666664,54.33333333333333,55.666666666666664,56.33333333333333,52.33333333333333,51.666666666666664,50.33333333333333
2022-04-14,54.0,55.0,53.0,54.0,10735400,54.0,55.0,56.0,57.0,53.0,52.0,51.0
2022-04-18,54.0,55.0,53.0,54.0,5436300,54.0,55.0,56.0,57.0,53.0,52.0,51.0
2022-04-19,53.0,55.0,51.0,51.0,26713600,54.0,55.0,56.0,57.0,53.0,52.0,51.0
2022-04-20,50.0,52.0,50.0,52.0,10643000,52.333333333333336,53.66666666666667,56.333333333333336,57.66666666666667,49.66666666666667,48.333333333333336,45.66666666666667
2022-04-21,52.0,52.0,51.0,51.0,4432200,51.333333333333336,52.66666666666667,53.333333333333336,54.66666666666667,50.66666666666667,49.333333333333336,48.66666666666667
2022-04-22,51.0,52.0,51.0,51.0,9925800,51.333333333333336,51.66666666666667,52.333333333333336,52.66666666666667,50.66666666666667,50.333333333333336,49.66666666666667
2022-04-25,51.0,52.0,50.0,51.0,8044000,51.333333333333336,51.66666666666667,52.333333333333336,52.66666666666667,50.66666666666667,50.333333333333336,49.66666666666667
2022-04-26,51.0,52.0,50.0,51.0,5175100,51.0,52.0,53.0,54.0,50.0,49.0,48.0
2022-04-27,51.0,52.0,50.0,51.0,2982600,51.0,52.0,53.0,54.0,50.0,49.0,48.0
2022-04-28,52.0,52.0,50.0,50.0,5365500,51.0,52.0,53.0,54.0,50.0,49.0,48.0
2022-05-09,51.0,51.0,50.0,51.0,18173700,50.666666666666664,51.33333333333333,52.666666666666664,53.33333333333333,49.33333333333333,48.666666666666664,47.33333333333333
2022-05-10,51.0,51.0,50.0,50.0,8509200,50.666666666666664,51.33333333333333,51.666666666666664,52.33333333333333,50.33333333333333,49.666666666666664,49.33333333333333
2022-05-11,50.0,51.0,50.0,50.0,7564900,50.333333333333336,50.66666666666667,51.333333333333336,51.66666666666667,49.66666666666667,49.333333333333336,48.66666666666667
2022-05-12,50.0,50.0,50.0,50.0,1734700,50.333333333333336,50.66666666666667,51.333333333333336,51.66666666666667,49.66666666666667,49.333333333333336,48.66666666666667
2022-05-13,50.0,50.0,50.0,50.0,449800,50.0,50.0,50.0,50.0,50.0,50.0,50.0
2022-05-17,50.0,50.0,50.0,50.0,2086100,50.0,50.0,50.0,50.0,50.0,50.0,50.0
2022-05-18,50.0,50.0,50.0,50.0,527700,50.0,50.0,50.0,50.0,50.0,50.0,50.0
2022-05-19,50.0,50.0,50.0,50.0,93800,50.0,50.0,50.0,50.0,50.0,50.0,50.0
2022-05-20,50.0,50.0,50.0,50.0,5304400,50.0,50.0,50.0,50.0,50.0,50.0,50.0
2022-05-23,50.0,50.0,50.0,50.0,723800,50.0,50.0,50.0,50.0,50.0,50.0,50.0
2022-05-24,50.0,50.0,50.0,50.0,2377300,50.0,50.0,50.0,50.0,50.0,50.0,50.0
2022-05-25,50.0,50.0,50.0,50.0,1515600,50.0,50.0,50.0,50.0,50.0,50.0,50.0
2022-05-27,50.0,50.0,50.0,50.0,162500,50.0,50.0,50.0,50.0,50.0,50.0,50.0
2022-05-30,50.0,50.0,50.0,50.0,19722200,50.0,50.0,50.0,50.0,50.0,50.0,50.0
2022-05-31,50.0,51.0,50.0,50.0,11227900,50.0,50.0,50.0,50.0,50.0,50.0,50.0
2022-06-02,50.0,51.0,50.0,50.0,6336800,50.333333333333336,50.66666666666667,51.333333333333336,51.66666666666667,49.66666666666667,49.333333333333336,48.66666666666667
2022-06-03,50.0,50.0,50.0,50.0,779200,50.333333333333336,50.66666666666667,51.333333333333336,51.66666666666667,49.66666666666667,49.333333333333336,48.66666666666667
2022-06-06,50.0,51.0,50.0,50.0,12088000,50.0,50.0,50.0,50.0,50.0,50.0,50.0
2022-06-07,50.0,51.0,50.0,50.0,10331700,50.333333333333336,50.66666666666667,51.333333333333336,51.66666666666667,49.66666666666667,49.333333333333336,48.66666666666667
2022-06-08,50.0,51.0,50.0,50.0,3792300,50.333333333333336,50.66666666666667,51.333333333333336,51.66666666666667,49.66666666666667,49.333333333333336,48.66666666666667
2022-06-09,50.0,50.0,50.0,50.0,1586300,50.333333333333336,50.66666666666667,51.333333333333336,51.66666666666667,49.66666666666667,49.333333333333336,48.66666666666667
2022-06-10,50.0,51.0,50.0,50.0,2930000,50.0,50.0,50.0,50.0,50.0,50.0,50.0
2022-06-13,50.0,51.0,50.0,50.0,1223900,50.333333333333336,50.66666666666667,51.333333333333336,51.66666666666667,49.66666666666667,49.333333333333336,48.66666666666667
2022-06-14,50.0,50.0,50.0,50.0,1418300,50.333333333333336,50.66666666666667,51.333333333333336,51.66666666666667,49.66666666666667,49.333333333333336,48.66666666666667
2022-06-15,50.0,53.0,50.0,50.0,31156700,50.0,50.0,50.0,50.0,50.0,50.0,50.0
2022-06-16,51.0,55.0,51.0,54.0,43888200,51.0,52.0,54.0,55.0,49.0,48.0,46.0
2022-06-17,54.0,54.0,52.0,52.0,9257400,53.333333333333336,55.66666666666667,57.333333333333336,59.66666666666667,51.66666666666667,49.333333333333336,47.66666666666667
2022-06-20,53.0,58.0,52.0,58.0,60139500,52.666666666666664,53.33333333333333,54.666666666666664,55.33333333333333,51.33333333333333,50.666666666666664,49.33333333333333
2022-06-21,58.0,63.0,56.0,60.0,86888900,56.0,60.0,62.0,66.0,54.0,50.0,48.0
2022-06-22,62.0,62.0,57.0,60.0,41959200,59.666666666666664,63.33333333333333,66.66666666666666,70.33333333333333,56.33333333333333,52.666666666666664,49.33333333333333
2022-06-23,60.0,61.0,59.0,59.0,16333000,59.666666666666664,62.33333333333333,64.66666666666666,67.33333333333333,57.33333333333333,54.666666666666664,52.33333333333333
2022-06-24,59.0,61.0,59.0,60.0,14999900,59.666666666666664,60.33333333333333,61.666666666666664,62.33333333333333,58.33333333333333,57.666666666666664,56.33333333333333
2022-06-27,62.0,62.0,59.0,59.0,17375800,60.0,61.0,62.0,63.0,59.0,58.0,57.0
2022-06-28,59.0,61.0,59.0,59.0,8667100,60.0,61.0,63.0,64.0,58.0,57.0,55.0
2022-06-29,60.0,68.0,60.0,62.0,245827800,59.666666666666664,60.33333333333333,61.666666666666664,62.33333333333333,58.33333333333333,57.666666666666664,56.33333333333333
2022-06-30,63.0,65.0,58.0,60.0,55222700,63.333333333333336,66.66666666666667,71.33333333333334,74.66666666666667,58.66666666666667,55.333333333333336,50.66666666666667
2022-07-01,60.0,61.0,56.0,59.0,18929700,61.0,64.0,68.0,71.0,57.0,54.0,50.0
2022-07-04,59.0,59.0,56.0,57.0,15109000,58.666666666666664,61.33333333333333,63.666666666666664,66.33333333333333,56.33333333333333,53.666666666666664,51.33333333333333
2022-07-05,57.0,58.0,55.0,57.0,10515100,57.333333333333336,58.66666666666667,60.333333333333336,61.66666666666667,55.66666666666667,54.333333333333336,52.66666666666667
2022-07-06,57.0,57.0,55.0,55.0,8780800,56.666666666666664,58.33333333333333,59.666666666666664,61.33333333333333,55.33333333333333,53.666666666666664,52.33333333333333
2022-07-07,56.0,56.0,54.0,54.0,6293400,55.666666666666664,56.33333333333333,57.666666666666664,58.33333333333333,54.33333333333333,53.666666666666664,52.33333333333333
2022-07-08,54.0,56.0,54.0,54.0,7689400,54.666666666666664,55.33333333333333,56.666666666666664,57.33333333333333,53.33333333333333,52.666666666666664,51.33333333333333
2022-07-11,54.0,56.0,53.0,56.0,15052500,54.666666666666664,55.33333333333333,56.666666666666664,57.33333333333333,53.33333333333333,52.666666666666664,51.33333333333333
2022-07-12,56.0,57.0,54.0,55.0,4719200,55.0,57.0,58.0,60.0,54.0,52.0,51.0
2022-07-13,56.0,60.0,55.0,57.0,43913000,55.333333333333336,56.66666666666667,58.333333333333336,59.66666666666667,53.66666666666667,52.333333333333336,50.66666666666667
2022-07-14,57.0,57.0,54.0,54.0,24913600,57.333333333333336,59.66666666666667,62.333333333333336,64.66666666666667,54.66666666666667,52.333333333333336,49.66666666666667
2022-07-15,54.0,55.0,51.0,52.0,12683700,55.0,56.0,58.0,59.0,53.0,52.0,50.0
2022-07-18,52.0,55.0,51.0,52.0,15301900,52.666666666666664,54.33333333333333,56.666666666666664,58.33333333333333,50.33333333333333,48.666666666666664,46.33333333333333
2022-07-19,51.0,53.0,51.0,52.0,4849900,52.666666666666664,54.33333333333333,56.666666666666664,58.33333333333333,50.33333333333333,48.666666666666664,46.33333333333333
2022-07-20,52.0,56.0,52.0,54.0,17939900,52.0,53.0,54.0,55.0,51.0,50.0,49.0
2022-07-21,54.0,55.0,53.0,54.0,4160200,54.0,56.0,58.0,60.0,52.0,50.0,48.0
2022-07-22,54.0,57.0,52.0,54.0,13454500,54.0,55.0,56.0,57.0,53.0,52.0,51.0
2022-07-25,54.0,55.0,52.0,53.0,12206500,54.333333333333336,56.66666666666667,59.333333333333336,61.66666666666667,51.66666666666667,49.333333333333336,46.66666666666667
2022-07-26,53.0,54.0,52.0,54.0,6093200,53.333333333333336,54.66666666666667,56.333333333333336,57.66666666666667,51.66666666666667,50.333333333333336,48.66666666666667
2022-07-27,54.0,54.0,52.0,53.0,7227400,53.333333333333336,54.66666666666667,55.333333333333336,56.66666666666667,52.66666666666667,51.333333333333336,50.66666666666667
2022-07-28,53.0,55.0,52.0,53.0,5611000,53.0,54.0,55.0,56.0,52.0,51.0,50.0
2022-07-29,54.0,54.0,53.0,53.0,7584500,53.333333333333336,54.66666666666667,56.333333333333336,57.66666666666667,51.66666666666667,50.333333333333336,48.66666666666667
2022-08-01,53.0,54.0,53.0,53.0,4979900,53.333333333333336,53.66666666666667,54.333333333333336,54.66666666666667,52.66666666666667,52.333333333333336,51.66666666666667
2022-08-02,54.0,56.0,52.0,54.0,31519500,53.333333333333336,53.66666666666667,54.333333333333336,54.66666666666667,52.66666666666667,52.333333333333336,51.66666666666667
2022-08-03,54.0,55.0,53.0,54.0,7790100,54.0,56.0,58.0,60.0,52.0,50.0,48.0
2022-08-04,54.0,55.0,53.0,53.0,3801800,54.0,55.0,56.0,57.0,53.0,52.0,51.0
2022-08-05,53.0,55.0,53.0,54.0,4053400,53.666666666666664,54.33333333333333,55.666666666666664,56.33333333333333,52.33333333333333,51.666666666666664,50.33333333333333
2022-08-08,54.0,54.0,53.0,53.0,5910100,54.0,55.0,56.0,57.0,53.0,52.0,51.0
2022-08-09,53.0,54.0,52.0,52.0,4571700,53.333333333333336,53.66666666666667,54.333333333333336,54.66666666666667,52.66666666666667,52.333333333333336,51.66666666666667
2022-08-10,53.0,54.0,52.0,53.0,4042700,52.666666666666664,53.33333333333333,54.666666666666664,55.33333333333333,51.33333333333333,50.666666666666664,49.33333333333333
2022-08-11,54.0,55.0,53.0,53.0,9669800,53.0,54.0,55.0,56.0,52.0,51.0,50.0
2022-08-12,53.0,54.0,52.0,53.0,5319500,53.666666666666664,54.33333333333333,55.666666666666664,56.33333333333333,52.33333333333333,51.666666666666664,50.33333333333333
2022-08-15,53.0,54.0,52.0,52.0,2236600,53.0,54.0,55.0,56.0,52.0,51.0,50.0
2022-08-16,52.0,53.0,50.0,51.0,32540000,52.666666666666664,53.33333333333333,54.666666666666664,55.33333333333333,51.33333333333333,50.666666666666664,49.33333333333333
2022-08-18,51.0,52.0,50.0,51.0,7425400,51.333333333333336,52.66666666666667,54.333333333333336,55.66666666666667,49.66666666666667,48.333333333333336,46.66666666666667
2022-08-19,52.0,52.0,51.0,52.0,4220900,51.0,52.0,53.0,54.0,50.0,49.0,48.0
2022-08-22,52.0,52.0,50.0,51.0,2526100,51.666666666666664,52.33333333333333,52.666666666666664,53.33333333333333,51.33333333333333,50.666666666666664,50.33333333333333
2022-08-23,51.0,52.0,50.0,51.0,2997600,51.0,52.0,53.0,54.0,50.0,49.0,48.0
2022-08-24,51.0,52.0,50.0,51.0,10482000,51.0,52.0,53.0,54.0,50.0,49.0,48.0
2022-08-25,51.0,52.0,50.0,51.0,4539500,51.0,52.0,53.0,54.0,50.0,49.0,48.0
2022-08-26,51.0,54.0,50.0,53.0,14515600,51.0,52.0,53.0,54.0,50.0,49.0,48.0
2022-08-29,53.0,55.0,52.0,54.0,11627300,52.333333333333336,54.66666666666667,56.333333333333336,58.66666666666667,50.66666666666667,48.333333333333336,46.66666666666667
2022-08-30,55.0,55.0,53.0,53.0,6707700,53.666666666666664,55.33333333333333,56.666666666666664,58.33333333333333,52.33333333333333,50.666666666666664,49.33333333333333
2022-08-31,54.0,54.0,52.0,54.0,4094700,53.666666666666664,54.33333333333333,55.666666666666664,56.33333333333333,52.33333333333333,51.666666666666664,50.33333333333333
2022-09-01,54.0,56.0,53.0,55.0,7785500,53.333333333333336,54.66666666666667,55.333333333333336,56.66666666666667,52.66666666666667,51.333333333333336,50.66666666666667
2022-09-02,55.0,58.0,55.0,58.0,28564800,54.666666666666664,56.33333333333333,57.666666666666664,59.33333333333333,53.33333333333333,51.666666666666664,50.33333333333333
2022-09-05,58.0,59.0,56.0,58.0,21761800,57.0,59.0,60.0,62.0,56.0,54.0,53.0
2022-09-06,58.0,61.0,57.0,59.0,25098300,57.666666666666664,59.33333333333333,60.666666666666664,62.33333333333333,56.33333333333333,54.666666666666664,53.33333333333333
2022-09-07,60.0,60.0,58.0,59.0,7420700,59.0,61.0,63.0,65.0,57.0,55.0,53.0
2022-09-08,59.0,62.0,58.0,62.0,41525800,59.0,60.0,61.0,62.0,58.0,57.0,56.0
2022-09-09,62.0,63.0,60.0,62.0,21581300,60.666666666666664,63.33333333333333,64.66666666666666,67.33333333333333,59.33333333333333,56.666666666666664,55.33333333333333
2022-09-12,61.0,65.0,61.0,64.0,33573000,61.666666666666664,63.33333333333333,64.66666666666666,66.33333333333333,60.33333333333333,58.666666666666664,57.33333333333333
2022-09-13,64.0,65.0,63.0,64.0,14001700,63.333333333333336,65.66666666666667,67.33333333333334,69.66666666666667,61.66666666666667,59.333333333333336,57.66666666666667
2022-09-14,63.0,65.0,62.0,64.0,10541400,64.0,65.0,66.0,67.0,63.0,62.0,61.0
2022-09-15,63.0,69.0,63.0,66.0,58798800,63.666666666666664,65.33333333333333,66.66666666666666,68.33333333333333,62.33333333333333,60.666666666666664,59.33333333333333
2022-09-16,65.0,68.0,64.0,67.0,27139500,66.0,69.0,72.0,75.0,63.0,60.0,57.0
2022-09-19,67.0,87.0,67.0,87.0,456488400,66.33333333333333,68.66666666666666,70.33333333333333,72.66666666666666,64.66666666666666,62.33333333333333,60.66666666666666
2022-09-20,86.0,88.0,81.0,81.0,192038300,80.33333333333333,93.66666666666666,100.33333333333333,113.66666666666666,73.66666666666666,60.33333333333333,53.66666666666666
2022-09-21,81.0,86.0,76.0,81.0,95176300,83.33333333333333,85.66666666666666,90.33333333333333,92.66666666666666,78.66666666666666,76.33333333333333,71.66666666666666
2022-09-22,81.0,95.0,81.0,92.0,234039600,81.0,86.0,91.0,96.0,76.0,71.0,66.0
2022-09-23,91.0,109.0,89.0,100.0,370571900,89.33333333333333,97.66666666666666,103.33333333333333,111.66666666666666,83.66666666666666,75.33333333333333,69.66666666666666
2022-09-26,100.0,102.0,93.0,93.0,47746400,99.33333333333333,109.66666666666666,119.33333333333333,129.66666666666666,89.66666666666666,79.33333333333333,69.66666666666666
2022-09-27,89.0,94.0,87.0,92.0,123995700,96.0,99.0,105.0,108.0,90.0,87.0,81.0
2022-09-28,93.0,102.0,90.0,95.0,243157300,91.0,95.0,98.0,102.0,88.0,84.0,81.0
2022-09-29,96.0,106.0,89.0,89.0,297369100,95.66666666666667,101.33333333333334,107.66666666666667,113.33333333333334,89.33333333333334,83.66666666666667,77.33333333333334
2022-09-30,89.0,92.0,83.0,91.0,97236200,94.66666666666667,100.33333333333334,111.66666666666667,117.33333333333334,83.33333333333334,77.66666666666667,66.33333333333334
2022-10-03,92.0,95.0,88.0,93.0,58658500,88.66666666666667,94.33333333333334,97.66666666666667,103.33333333333334,85.33333333333334,79.66666666666667,76.33333333333334
2022-10-04,94.0,100.0,93.0,97.0,83998900,92.0,96.0,99.0,103.0,89.0,85.0,82.0
2022-10-05,98.0,103.0,94.0,96.0,78420700,96.66666666666667,100.33333333333334,103.66666666666667,107.33333333333334,93.33333333333334,89.66666666666667,86.33333333333334
2022-10-06,96.0,98.0,91.0,92.0,45186000,97.66666666666667,101.33333333333334,106.66666666666667,110.33333333333334,92.33333333333334,88.66666666666667,83.33333333333334
2022-10-07,92.0,94.0,91.0,92.0,17043700,93.66666666666667,96.33333333333334,100.66666666666667,103.33333333333334,89.33333333333334,86.66666666666667,82.33333333333334
2022-10-10,92.0,96.0,91.0,94.0,32412500,92.33333333333333,93.66666666666666,95.33333333333333,96.66666666666666,90.66666666666666,89.33333333333333,87.66666666666666
2022-10-11,95.0,106.0,93.0,102.0,258425900,93.66666666666667,96.33333333333334,98.66666666666667,101.33333333333334,91.33333333333334,88.66666666666667,86.33333333333334
2022-10-12,103.0,103.0,95.0,95.0,88910400,100.33333333333333,107.66666666666666,113.33333333333333,120.66666666666666,94.66666666666666,87.33333333333333,81.66666666666666
2022-10-13,95.0,103.0,95.0,96.0,95986500,97.66666666666667,100.33333333333334,105.66666666666667,108.33333333333334,92.33333333333334,89.66666666666667,84.33333333333334
2022-10-14,97.0,102.0,96.0,99.0,88835100,98.0,101.0,106.0,109.0,93.0,90.0,85.0
2022-10-17,102.0,112.0,97.0,99.0,350390900,99.0,102.0,105.0,108.0,96.0,93.0,90.0
2022-10-18,100.0,102.0,98.0,98.0,43576500,102.66666666666667,108.33333333333334,117.66666666666667,123.33333333333334,93.33333333333334,87.66666666666667,78.33333333333334
2022-10-19,97.0,101.0,96.0,99.0,36123500,99.33333333333333,100.66666666666666,103.33333333333333,104.66666666666666,96.66666666666666,95.33333333333333,92.66666666666666
2022-10-20,100.0,108.0,98.0,100.0,134086900,98.66666666666667,101.33333333333334,103.66666666666667,106.33333333333334,96.33333333333334,93.66666666666667,91.33333333333334
2022-10-21,101.0,104.0,100.0,102.0,46557900,102.0,106.0,112.0,116.0,96.0,92.0,86.0
2022-10-24,102.0,107.0,101.0,104.0,71603300,102.0,104.0,106.0,108.0,100.0,98.0,96.0
2022-10-25,105.0,109.0,103.0,105.0,61657100,104.0,107.0,110.0,113.0,101.0,98.0,95.0
2022-10-26,110.0,110.0,99.0,100.0,62182600,105.66666666666667,108.33333333333334,111.66666666666667,114.33333333333334,102.33333333333334,99.66666666666667,96.33333333333334
2022-10-27,100.0,102.0,93.0,93.0,69796800,103.0,107.0,114.0,118.0,96.0,92.0,85.0
2022-10-28,87.0,92.0,87.0,87.0,99338200,96.0,99.0,105.0,108.0,90.0,87.0,81.0
2022-10-31,86.0,92.0,84.0,90.0,43759800,88.66666666666667,90.33333333333334,93.66666666666667,95.33333333333334,85.33333333333334,83.66666666666667,80.33333333333334
2022-11-01,86.0,94.0,86.0,89.0,29986300,88.66666666666667,93.33333333333334,96.66666666666667,101.33333333333334,85.33333333333334,80.66666666666667,77.33333333333334
2022-11-02,89.0,96.0,89.0,94.0,45579800,89.66666666666667,93.33333333333334,97.66666666666667,101.33333333333334,85.33333333333334,81.66666666666667,77.33333333333334
2022-11-03,95.0,102.0,94.0,99.0,106166100,93.0,97.0,100.0,104.0,90.0,86.0,83.0
2022-11-04,100.0,100.0,95.0,99.0,44666500,98.33333333333333,102.66666666666666,106.33333333333333,110.66666666666666,94.66666666666666,90.33333333333333,86.66666666666666
2022-11-07,98.0,123.0,98.0,119.0,540742800,98.0,101.0,103.0,106.0,96.0,93.0,91.0
2022-11-08,121.0,126.0,113.0,118.0,343886700,113.33333333333333,128.66666666666666,138.33333333333331,153.66666666666666,103.66666666666666,88.33333333333333,78.66666666666666
2022-11-09,120.0,124.0,115.0,120.0,93488800,119.0,125.0,132.0,138.0,112.0,106.0,99.0
2022-11-10,122.0,123.0,113.0,116.0,72887800,119.66666666666667,124.33333333333334,128.66666666666669,133.33333333333334,115.33333333333334,110.66666666666667,106.33333333333334
2022-11-11,118.0,123.0,116.0,121.0,104330700,117.33333333333333,121.66666666666666,127.33333333333333,131.66666666666666,111.66666666666666,107.33333333333333,101.66666666666666
2022-11-14,122.0,131.0,117.0,120.0,235346600,120.0,124.0,127.0,131.0,117.0,113.0,110.0
2022-11-15,121.0,121.0,115.0,117.0,46407500,122.66666666666667,128.33333333333334,136.66666666666669,142.33333333333334,114.33333333333334,108.66666666666667,100.33333333333334
2022-11-16,118.0,122.0,117.0,121.0,50044800,117.66666666666667,120.33333333333334,123.66666666666667,126.33333333333334,114.33333333333334,111.66666666666667,108.33333333333334
2022-11-17,120.0,123.0,115.0,115.0,68817600,120.0,123.0,125.0,128.0,118.0,115.0,113.0
2022-11-18,121.0,121.0,107.0,107.0,77882800,117.66666666666667,120.33333333333334,125.66666666666667,128.33333333333334,112.33333333333334,109.66666666666667,104.33333333333334
2022-11-21,103.0,105.0,100.0,100.0,110686300,111.66666666666667,116.33333333333334,125.66666666666667,130.33333333333334,102.33333333333334,97.66666666666667,88.33333333333334
2022-11-22,101.0,102.0,98.0,102.0,36712800,101.66666666666667,103.33333333333334,106.66666666666667,108.33333333333334,98.33333333333334,96.66666666666667,93.33333333333334
2022-11-23,110.0,110.0,95.0,95.0,114610700,100.66666666666667,103.33333333333334,104.66666666666667,107.33333333333334,99.33333333333334,96.66666666666667,95.33333333333334
2022-11-24,90.0,96.0,90.0,93.0,71708000,100.0,105.0,115.0,120.0,90.0,85.0,75.0
2022-11-25,94.0,96.0,91.0,93.0,36424100,93.0,96.0,99.0,102.0,90.0,87.0,84.0
2022-11-28,94.0,94.0,87.0,87.0,67796900,93.33333333333333,95.66666666666666,98.33333333333333,100.66666666666666,90.66666666666666,88.33333333333333,85.66666666666666
2022-11-29,81.0,93.0,81.0,91.0,48488500,89.33333333333333,91.66666666666666,96.33333333333333,98.66666666666666,84.66666666666666,82.33333333333333,77.66666666666666
2022-11-30,91.0,95.0,87.0,88.0,89276000,88.33333333333333,95.66666666666666,100.33333333333333,107.66666666666666,83.66666666666666,76.33333333333333,71.66666666666666
2022-12-01,89.0,91.0,88.0,88.0,18014900,90.0,93.0,98.0,101.0,85.0,82.0,77.0
2022-12-02,88.0,89.0,86.0,87.0,14080000,89.0,90.0,92.0,93.0,87.0,86.0,84.0
2022-12-05,87.0,92.0,87.0,89.0,24788200,87.33333333333333,88.66666666666666,90.33333333333333,91.66666666666666,85.66666666666666,84.33333333333333,82.66666666666666
2022-12-06,89.0,90.0,83.0,84.0,39402400,89.33333333333333,91.66666666666666,94.33333333333333,96.66666666666666,86.66666666666666,84.33333333333333,81.66666666666666
2022-12-07,85.0,85.0,79.0,79.0,48675900,85.66666666666667,88.33333333333334,92.66666666666667,95.33333333333334,81.33333333333334,78.66666666666667,74.33333333333334
2022-12-08,79.0,79.0,74.0,75.0,69686800,81.0,83.0,87.0,89.0,77.0,75.0,71.0
2022-12-09,75.0,78.0,74.0,75.0,11831900,76.0,78.0,81.0,83.0,73.0,71.0,68.0
2022-12-12,75.0,80.0,74.0,75.0,26562600,75.66666666666667,77.33333333333334,79.66666666666667,81.33333333333334,73.33333333333334,71.66666666666667,69.33333333333334
2022-12-13,76.0,79.0,75.0,77.0,26284700,76.33333333333333,78.66666666666666,82.33333333333333,84.66666666666666,72.66666666666666,70.33333333333333,66.66666666666666
2022-12-14,78.0,81.0,76.0,76.0,21371700,77.0,79.0,81.0,83.0,75.0,73.0,71.0
2022-12-15,77.0,78.0,71.0,71.0,53120300,77.66666666666667,79.33333333333334,82.66666666666667,84.33333333333334,74.33333333333334,72.66666666666667,69.33333333333334
2022-12-16,72.0,76.0,67.0,76.0,72447400,73.33333333333333,75.66666666666666,80.33333333333333,82.66666666666666,68.66666666666666,66.33333333333333,61.66666666666666
2022-12-19,75.0,77.0,72.0,72.0,13721000,73.0,79.0,82.0,88.0,70.0,64.0,61.0
2022-12-20,74.0,75.0,70.0,72.0,8298000,73.66666666666667,75.33333333333334,78.66666666666667,80.33333333333334,70.33333333333334,68.66666666666667,65.33333333333334
2022-12-21,72.0,75.0,70.0,74.0,8833400,72.33333333333333,74.66666666666666,77.33333333333333,79.66666666666666,69.66666666666666,67.33333333333333,64.66666666666666
2022-12-22,74.0,78.0,73.0,76.0,18833800,73.0,76.0,78.0,81.0,71.0,68.0,66.0
2022-12-23,77.0,78.0,75.0,78.0,12299600,75.66666666666667,78.33333333333334,80.66666666666667,83.33333333333334,73.33333333333334,70.66666666666667,68.33333333333334
2022-12-26,78.0,78.0,76.0,78.0,7787000,77.0,79.0,80.0,82.0,76.0,74.0,73.0
2022-12-27,77.0,79.0,77.0,78.0,5662100,77.33333333333333,78.66666666666666,79.33333333333333,80.66666666666666,76.66666666666666,75.33333333333333,74.66666666666666
2022-12-28,78.0,78.0,73.0,78.0,12623200,78.0,79.0,80.0,81.0,77.0,76.0,75.0
2022-12-29,77.0,77.0,73.0,73.0,7147100,76.33333333333333,79.66666666666666,81.33333333333333,84.66666666666666,74.66666666666666,71.33333333333333,69.66666666666666
2022-12-30,71.0,72.0,68.0,68.0,33914200,74.33333333333333,75.66666666666666,78.33333333333333,79.66666666666666,71.66666666666666,70.33333333333333,67.66666666666666
2023-01-02,65.0,66.0,64.0,64.0,22709200,69.33333333333333,70.66666666666666,73.33333333333333,74.66666666666666,66.66666666666666,65.33333333333333,62.66666666666666
2023-01-03,64.0,64.0,60.0,63.0,44079500,64.66666666666667,65.33333333333334,66.66666666666667,67.33333333333334,63.33333333333334,62.66666666666667,61.33333333333334
2023-01-04,63.0,68.0,61.0,63.0,30525900,62.333333333333336,64.66666666666667,66.33333333333334,68.66666666666667,60.66666666666667,58.333333333333336,56.66666666666667
2023-01-05,62.0,64.0,59.0,59.0,33543700,64.0,67.0,71.0,74.0,60.0,57.0,53.0
2023-01-06,59.0,61.0,56.0,59.0,26223200,60.666666666666664,62.33333333333333,65.66666666666666,67.33333333333333,57.33333333333333,55.666666666666664,52.33333333333333
2023-01-09,59.0,64.0,58.0,62.0,14499600,58.666666666666664,61.33333333333333,63.666666666666664,66.33333333333333,56.33333333333333,53.666666666666664,51.33333333333333
2023-01-10,63.0,68.0,59.0,61.0,42065000,61.333333333333336,64.66666666666667,67.33333333333334,70.66666666666667,58.66666666666667,55.333333333333336,52.66666666666667
2023-01-11,61.0,62.0,59.0,60.0,6221800,62.666666666666664,66.33333333333333,71.66666666666666,75.33333333333333,57.33333333333333,53.666666666666664,48.33333333333333
2023-01-12,60.0,64.0,60.0,61.0,6967100,60.333333333333336,61.66666666666667,63.333333333333336,64.66666666666667,58.66666666666667,57.333333333333336,55.66666666666667
2023-01-13,62.0,63.0,60.0,62.0,3640900,61.666666666666664,63.33333333333333,65.66666666666666,67.33333333333333,59.33333333333333,57.666666666666664,55.33333333333333
2023-01-16,62.0,67.0,61.0,65.0,14233300,61.666666666666664,63.33333333333333,64.66666666666666,66.33333333333333,60.33333333333333,58.666666666666664,57.33333333333333
2023-01-17,65.0,67.0,65.0,66.0,6825800,64.33333333333333,67.66666666666666,70.33333333333333,73.66666666666666,61.66666666666666,58.33333333333333,55.66666666666666
2023-01-18,65.0,71.0,65.0,69.0,21596000,66.0,67.0,68.0,69.0,65.0,64.0,63.0
2023-01-19,70.0,70.0,66.0,68.0,13536900,68.33333333333333,71.66666666666666,74.33333333333333,77.66666666666666,65.66666666666666,62.33333333333333,59.66666666666666
2023-01-20,68.0,71.0,67.0,69.0,6394500,68.0,70.0,72.0,74.0,66.0,64.0,62.0
2023-01-24,69.0,71.0,68.0,70.0,9902100,69.0,71.0,73.0,75.0,67.0,65.0,63.0
2023-01-25,70.0,76.0,70.0,74.0,21128900,69.66666666666667,71.33333333333334,72.66666666666667,74.33333333333334,68.33333333333334,66.66666666666667,65.33333333333334
2023-01-26,75.0,76.0,72.0,75.0,12289400,73.33333333333333,76.66666666666666,79.33333333333333,82.66666666666666,70.66666666666666,67.33333333333333,64.66666666666666
2023-01-27,73.0,79.0,70.0,71.0,21390600,74.33333333333333,76.66666666666666,78.33333333333333,80.66666666666666,72.66666666666666,70.33333333333333,68.66666666666666
2023-01-30,71.0,73.0,69.0,72.0,6021500,73.33333333333333,76.66666666666666,82.33333333333333,85.66666666666666,67.66666666666666,64.33333333333333,58.66666666666666
2023-01-31,72.0,73.0,69.0,69.0,7360300,71.33333333333333,73.66666666666666,75.33333333333333,77.66666666666666,69.66666666666666,67.33333333333333,65.66666666666666
2023-02-01,69.0,70.0,68.0,68.0,2453800,70.33333333333333,71.66666666666666,74.33333333333333,75.66666666666666,67.66666666666666,66.33333333333333,63.66666666666666
2023-02-02,68.0,71.0,68.0,69.0,5132200,68.66666666666667,69.33333333333334,70.66666666666667,71.33333333333334,67.33333333333334,66.66666666666667,65.33333333333334
2023-02-03,70.0,71.0,69.0,69.0,4531100,69.33333333333333,70.66666666666666,72.33333333333333,73.66666666666666,67.66666666666666,66.33333333333333,64.66666666666666
2023-02-06,70.0,70.0,65.0,67.0,5829000,69.66666666666667,70.33333333333334,71.66666666666667,72.33333333333334,68.33333333333334,67.66666666666667,66.33333333333334
2023-02-07,67.0,67.0,63.0,65.0,6694200,67.33333333333333,69.66666666666666,72.33333333333333,74.66666666666666,64.66666666666666,62.33333333333333,59.66666666666666
2023-02-08,65.0,68.0,65.0,66.0,1709400,65.0,67.0,69.0,71.0,63.0,61.0,59.0
2023-02-09,67.0,67.0,65.0,66.0,1173900,66.33333333333333,67.66666666666666,69.33333333333333,70.66666666666666,64.66666666666666,63.33333333333333,61.66666666666666
2023-02-10,67.0,67.0,64.0,66.0,2631700,66.0,67.0,68.0,69.0,65.0,64.0,63.0
2023-02-13,66.0,66.0,63.0,63.0,4255700,65.66666666666667,67.33333333333334,68.66666666666667,70.33333333333334,64.33333333333334,62.66666666666667,61.33333333333334
2023-02-14,63.0,67.0,62.0,63.0,8962000,64.0,65.0,67.0,68.0,62.0,61.0,59.0
2023-02-15,63.0,66.0,62.0,62.0,10814100,64.0,66.0,69.0,71.0,61.0,59.0,56.0
2023-02-16,62.0,65.0,61.0,63.0,11914200,63.333333333333336,64.66666666666667,67.33333333333334,68.66666666666667,60.66666666666667,59.333333333333336,56.66666666666667
2023-02-17,63.0,67.0,62.0,63.0,19940300,63.0,65.0,67.0,69.0,61.0,59.0,57.0
2023-02-20,64.0,64.0,62.0,62.0,3308500,64.0,66.0,69.0,71.0,61.0,59.0,56.0
2023-02-21,62.0,67.0,60.0,62.0,27402500,62.666666666666664,63.33333333333333,64.66666666666666,65.33333333333333,61.33333333333333,60.666666666666664,59.33333333333333
2023-02-22,62.0,63.0,61.0,61.0,5261500,63.0,66.0,70.0,73.0,59.0,56.0,52.0
2023-02-23,61.0,63.0,60.0,60.0,3520900,61.666666666666664,62.33333333333333,63.666666666666664,64.33333333333333,60.33333333333333,59.666666666666664,58.33333333333333
2023-02-24,60.0,62.0,59.0,59.0,5566100,61.0,62.0,64.0,65.0,59.0,58.0,56.0
2023-02-27,59.0,60.0,57.0,57.0,8433300,60.0,61.0,63.0,64.0,58.0,57.0,55.0
2023-02-28,57.0,58.0,55.0,56.0,13997100,58.0,59.0,61.0,62.0,56.0,55.0,53.0
2023-03-01,57.0,57.0,53.0,53.0,28324200,56.333333333333336,57.66666666666667,59.333333333333336,60.66666666666667,54.66666666666667,53.333333333333336,51.66666666666667
2023-03-02,54.0,54.0,50.0,51.0,23982800,54.333333333333336,55.66666666666667,58.333333333333336,59.66666666666667,51.66666666666667,50.333333333333336,47.66666666666667
2023-03-03,51.0,52.0,50.0,51.0,11460900,51.666666666666664,53.33333333333333,55.666666666666664,57.33333333333333,49.33333333333333,47.666666666666664,45.33333333333333
2023-03-06,50.0,57.0,50.0,55.0,52269700,51.0,52.0,53.0,54.0,50.0,49.0,48.0
2023-03-07,55.0,57.0,52.0,54.0,13111200,54.0,58.0,61.0,65.0,51.0,47.0,44.0
2023-03-08,55.0,58.0,54.0,57.0,10005500,54.333333333333336,56.66666666666667,59.333333333333336,61.66666666666667,51.66666666666667,49.333333333333336,46.66666666666667
2023-03-09,57.0,58.0,54.0,55.0,11259900,56.333333333333336,58.66666666666667,60.333333333333336,62.66666666666667,54.66666666666667,52.333333333333336,50.66666666666667
2023-03-10,55.0,55.0,53.0,53.0,2514700,55.666666666666664,57.33333333333333,59.666666666666664,61.33333333333333,53.33333333333333,51.666666666666664,49.33333333333333
2023-03-13,53.0,56.0,52.0,54.0,6569700,53.666666666666664,54.33333333333333,55.666666666666664,56.33333333333333,52.33333333333333,51.666666666666664,50.33333333333333
2023-03-14,54.0,54.0,51.0,52.0,14396000,54.0,56.0,58.0,60.0,52.0,50.0,48.0
2023-03-15,52.0,53.0,51.0,51.0,2944800,52.333333333333336,53.66666666666667,55.333333333333336,56.66666666666667,50.66666666666667,49.333333333333336,47.66666666666667
2023-03-16,51.0,53.0,50.0,50.0,36260400,51.666666666666664,52.33333333333333,53.666666666666664,54.33333333333333,50.33333333333333,49.666666666666664,48.33333333333333
2023-03-17,50.0,51.0,50.0,50.0,12370800,51.0,52.0,54.0,55.0,49.0,48.0,46.0
2023-03-20,50.0,51.0,50.0,51.0,1336400,50.333333333333336,50.66666666666667,51.333333333333336,51.66666666666667,49.66666666666667,49.333333333333336,48.66666666666667
2023-03-21,51.0,51.0,50.0,51.0,4498900,50.666666666666664,51.33333333333333,51.666666666666664,52.33333333333333,50.33333333333333,49.666666666666664,49.33333333333333
2023-03-24,51.0,54.0,50.0,50.0,13068100,50.666666666666664,51.33333333333333,51.666666666666664,52.33333333333333,50.33333333333333,49.666666666666664,49.33333333333333
2023-03-27,50.0,51.0,50.0,51.0,4381400,51.333333333333336,52.66666666666667,55.333333333333336,56.66666666666667,48.66666666666667,47.333333333333336,44.66666666666667
2023-03-28,51.0,51.0,50.0,51.0,3310200,50.666666666666664,51.33333333333333,51.666666666666664,52.33333333333333,50.33333333333333,49.666666666666664,49.33333333333333
2023-03-29,51.0,53.0,50.0,52.0,25800800,50.666666666666664,51.33333333333333,51.666666666666664,52.33333333333333,50.33333333333333,49.666666666666664,49.33333333333333
2023-03-30,52.0,52.0,50.0,50.0,37808900,51.666666666666664,53.33333333333333,54.666666666666664,56.33333333333333,50.33333333333333,48.666666666666664,47.33333333333333
2023-03-31,50.0,54.0,50.0,52.0,33689300,50.666666666666664,51.33333333333333,52.666666666666664,53.33333333333333,49.33333333333333,48.666666666666664,47.33333333333333
2023-04-03,52.0,52.0,50.0,50.0,27801700,52.0,54.0,56.0,58.0,50.0,48.0,46.0
2023-04-04,50.0,51.0,50.0,50.0,13750100,50.666666666666664,51.33333333333333,52.666666666666664,53.33333333333333,49.33333333333333,48.666666666666664,47.33333333333333
2023-04-05,50.0,51.0,50.0,50.0,6582300,50.333333333333336,50.66666666666667,51.333333333333336,51.66666666666667,49.66666666666667,49.333333333333336,48.66666666666667
2023-04-06,50.0,50.0,50.0,50.0,2635900,50.333333333333336,50.66666666666667,51.333333333333336,51.66666666666667,49.66666666666667,49.333333333333336,48.66666666666667
2023-04-10,50.0,50.0,50.0,50.0,3298000,50.0,50.0,50.0,50.0,50.0,50.0,50.0
2023-04-11,50.0,50.0,50.0,50.0,1340600,50.0,50.0,50.0,50.0,50.0,50.0,50.0
2023-04-12,50.0,51.0,50.0,50.0,11561600,50.0,50.0,50.0,50.0,50.0,50.0,50.0
2023-04-13,50.0,51.0,50.0,50.0,5679200,50.333333333333336,50.66666666666667,51.333333333333336,51.66666666666667,49.66666666666667,49.333333333333336,48.66666666666667
2023-04-14,50.0,51.0,50.0,50.0,1833900,50.333333333333336,50.66666666666667,51.333333333333336,51.66666666666667,49.66666666666667,49.333333333333336,48.66666666666667
2023-04-17,51.0,51.0,50.0,50.0,8126400,50.333333333333336,50.66666666666667,51.333333333333336,51.66666666666667,49.66666666666667,49.333333333333336,48.66666666666667
2023-04-18,50.0,50.0,50.0,50.0,3726300,50.333333333333336,50.66666666666667,51.333333333333336,51.66666666666667,49.66666666666667,49.333333333333336,48.66666666666667
2023-04-26,50.0,51.0,50.0,50.0,2958300,50.0,50.0,50.0,50.0,50.0,50.0,50.0
2023-04-27,50.0,50.0,50.0,50.0,3759400,50.333333333333336,50.66666666666667,51.333333333333336,51.66666666666667,49.66666666666667,49.333333333333336,48.66666666666667
2023-04-28,50.0,50.0,50.0,50.0,4247600,50.0,50.0,50.0,50.0,50.0,50.0,50.0
2023-05-02,50.0,50.0,50.0,50.0,2088300,50.0,50.0,50.0,50.0,50.0,50.0,50.0
2023-05-03,50.0,50.0,50.0,50.0,1228000,50.0,50.0,50.0,50.0,50.0,50.0,50.0
2023-05-04,50.0,50.0,50.0,50.0,115700,50.0,50.0,50.0,50.0,50.0,50.0,50.0
2023-05-05,50.0,50.0,50.0,50.0,63000,50.0,50.0,50.0,50.0,50.0,50.0,50.0
2023-05-08,50.0,50.0,50.0,50.0,84900,50.0,50.0,50.0,50.0,50.0,50.0,50.0
2023-05-09,50.0,50.0,50.0,50.0,16400,50.0,50.0,50.0,50.0,50.0,50.0,50.0
2023-05-10,50.0,50.0,50.0,50.0,118900,50.0,50.0,50.0,50.0,50.0,50.0,50.0
2023-05-11,50.0,50.0,50.0,50.0,57400,50.0,50.0,50.0,50.0,50.0,50.0,50.0
2023-05-12,50.0,50.0,50.0,50.0,34200,50.0,50.0,50.0,50.0,50.0,50.0,50.0
2023-05-15,50.0,50.0,50.0,50.0,75600,50.0,50.0,50.0,50.0,50.0,50.0,50.0
2023-05-16,50.0,50.0,50.0,50.0,49700,50.0,50.0,50.0,50.0,50.0,50.0,50.0
2023-05-17,50.0,50.0,50.0,50.0,55100,50.0,50.0,50.0,50.0,50.0,50.0,50.0
2023-05-19,50.0,50.0,50.0,50.0,47000,50.0,50.0,50.0,50.0,50.0,50.0,50.0
2023-05-22,50.0,50.0,50.0,50.0,18900,50.0,50.0,50.0,50.0,50.0,50.0,50.0
2023-05-23,50.0,50.0,50.0,50.0,126200,50.0,50.0,50.0,50.0,50.0,50.0,50.0
2023-05-24,50.0,50.0,50.0,50.0,30200,50.0,50.0,50.0,50.0,50.0,50.0,50.0
2023-05-25,50.0,50.0,50.0,50.0,392300,50.0,50.0,50.0,50.0,50.0,50.0,50.0
2023-05-26,50.0,50.0,50.0,50.0,174500,50.0,50.0,50.0,50.0,50.0,50.0,50.0
2023-05-29,50.0,50.0,50.0,50.0,96300,50.0,50.0,50.0,50.0,50.0,50.0,50.0
2023-05-30,50.0,50.0,50.0,50.0,44500,50.0,50.0,50.0,50.0,50.0,50.0,50.0
2023-05-31,50.0,50.0,50.0,50.0,147700,50.0,50.0,50.0,50.0,50.0,50.0,50.0
2023-06-05,50.0,50.0,50.0,50.0,142800,50.0,50.0,50.0,50.0,50.0,50.0,50.0
2023-06-06,50.0,50.0,50.0,50.0,72700,50.0,50.0,50.0,50.0,50.0,50.0,50.0
2023-06-07,50.0,50.0,50.0,50.0,37200,50.0,50.0,50.0,50.0,50.0,50.0,50.0
2023-06-08,50.0,50.0,50.0,50.0,1400,50.0,50.0,50.0,50.0,50.0,50.0,50.0
2023-06-09,50.0,50.0,50.0,50.0,24800,50.0,50.0,50.0,50.0,50.0,50.0,50.0
2023-06-12,50.0,50.0,50.0,50.0,19300,50.0,50.0,50.0,50.0,50.0,50.0,50.0
2023-06-13,50.0,50.0,50.0,50.0,5521000,50.0,50.0,50.0,50.0,50.0,50.0,50.0
2023-06-14,50.0,51.0,50.0,50.0,11844600,50.0,50.0,50.0,50.0,50.0,50.0,50.0
2023-06-15,50.0,50.0,50.0,50.0,390900,50.333333333333336,50.66666666666667,51.333333333333336,51.66666666666667,49.66666666666667,49.333333333333336,48.66666666666667
2023-06-16,50.0,50.0,50.0,50.0,9000,50.0,50.0,50.0,50.0,50.0,50.0,50.0
2023-06-19,50.0,50.0,50.0,50.0,22600,50.0,50.0,50.0,50.0,50.0,50.0,50.0
2023-06-20,50.0,50.0,50.0,50.0,473700,50.0,50.0,50.0,50.0,50.0,50.0,50.0
2023-06-21,50.0,50.0,50.0,50.0,5218100,50.0,50.0,50.0,50.0,50.0,50.0,50.0
2023-06-22,50.0,50.0,50.0,50.0,118200,50.0,50.0,50.0,50.0,50.0,50.0,50.0
2023-06-23,50.0,50.0,50.0,50.0,53100,50.0,50.0,50.0,50.0,50.0,50.0,50.0
2023-06-26,50.0,50.0,50.0,50.0,28700,50.0,50.0,50.0,50.0,50.0,50.0,50.0
2023-06-27,50.0,50.0,50.0,50.0,27100,50.0,50.0,50.0,50.0,50.0,50.0,50.0
2023-07-03,50.0,50.0,50.0,50.0,399600,50.0,50.0,50.0,50.0,50.0,50.0,50.0
2023-07-04,50.0,50.0,50.0,50.0,1298300,50.0,50.0,50.0,50.0,50.0,50.0,50.0
2023-07-05,50.0,50.0,50.0,50.0,291300,50.0,50.0,50.0,50.0,50.0,50.0,50.0
2023-07-06,50.0,50.0,50.0,50.0,550700,50.0,50.0,50.0,50.0,50.0,50.0,50.0
2023-07-07,50.0,50.0,50.0,50.0,1511200,50.0,50.0,50.0,50.0,50.0,50.0,50.0
2023-07-10,50.0,50.0,50.0,50.0,805700,50.0,50.0,50.0,50.0,50.0,50.0,50.0
2023-07-11,50.0,50.0,50.0,50.0,308700,50.0,50.0,50.0,50.0,50.0,50.0,50.0
2023-07-12,50.0,50.0,50.0,50.0,217400,50.0,50.0,50.0,50.0,50.0,50.0,50.0
2023-07-13,50.0,50.0,50.0,50.0,80500,50.0,50.0,50.0,50.0,50.0,50.0,50.0
2023-07-14,50.0,50.0,50.0,50.0,720800,50.0,50.0,50.0,50.0,50.0,50.0,50.0
2023-07-17,50.0,51.0,50.0,51.0,27737600,50.0,50.0,50.0,50.0,50.0,50.0,50.0
2023-07-18,51.0,54.0,50.0,54.0,15033700,50.666666666666664,51.33333333333333,51.666666666666664,52.33333333333333,50.33333333333333,49.666666666666664,49.33333333333333
2023-07-20,55.0,55.0,52.0,52.0,10323600,52.666666666666664,55.33333333333333,56.666666666666664,59.33333333333333,51.33333333333333,48.666666666666664,47.33333333333333
2023-07-21,51.0,53.0,51.0,53.0,2762400,53.0,54.0,56.0,57.0,51.0,50.0,48.0
2023-07-24,53.0,53.0,52.0,52.0,4059500,52.333333333333336,53.66666666666667,54.333333333333336,55.66666666666667,51.66666666666667,50.333333333333336,49.66666666666667
2023-07-25,52.0,53.0,52.0,52.0,1487500,52.333333333333336,52.66666666666667,53.333333333333336,53.66666666666667,51.66666666666667,51.333333333333336,50.66666666666667
2023-07-26,52.0,53.0,51.0,52.0,3206900,52.333333333333336,52.66666666666667,53.333333333333336,53.66666666666667,51.66666666666667,51.333333333333336,50.66666666666667
2023-07-27,52.0,52.0,50.0,51.0,14323200,52.0,53.0,54.0,55.0,51.0,50.0,49.0
2023-07-28,51.0,52.0,50.0,50.0,14518000,51.0,52.0,53.0,54.0,50.0,49.0,48.0
2023-07-31,50.0,50.0,50.0,50.0,4088000,50.666666666666664,51.33333333333333,52.666666666666664,53.33333333333333,49.33333333333333,48.666666666666664,47.33333333333333
2023-08-01,50.0,50.0,50.0,50.0,2199500,50.0,50.0,50.0,50.0,50.0,50.0,50.0
2023-08-02,50.0,50.0,50.0,50.0,1804600,50.0,50.0,50.0,50.0,50.0,50.0,50.0
2023-08-03,50.0,50.0,50.0,50.0,718200,50.0,50.0,50.0,50.0,50.0,50.0,50.0
2023-08-04,50.0,50.0,50.0,50.0,3164000,50.0,50.0,50.0,50.0,50.0,50.0,50.0
2023-08-07,50.0,50.0,50.0,50.0,2825400,50.0,50.0,50.0,50.0,50.0,50.0,50.0
2023-08-08,50.0,53.0,50.0,51.0,11975600,50.0,50.0,50.0,50.0,50.0,50.0,50.0
2023-08-09,51.0,52.0,50.0,51.0,4837900,51.333333333333336,52.66666666666667,54.333333333333336,55.66666666666667,49.66666666666667,48.333333333333336,46.66666666666667
2023-08-10,51.0,57.0,51.0,55.0,32330100,51.0,52.0,53.0,54.0,50.0,49.0,48.0
2023-08-11,56.0,57.0,54.0,55.0,10561400,54.333333333333336,57.66666666666667,60.333333333333336,63.66666666666667,51.66666666666667,48.333333333333336,45.66666666666667
2023-08-14,55.0,57.0,54.0,57.0,9922100,55.333333333333336,56.66666666666667,58.333333333333336,59.66666666666667,53.66666666666667,52.333333333333336,50.66666666666667
2023-08-15,58.0,67.0,57.0,64.0,80014200,56.0,58.0,59.0,61.0,55.0,53.0,52.0
2023-08-16,64.0,65.0,59.0,63.0,13949400,62.666666666666664,68.33333333333333,72.66666666666666,78.33333333333333,58.33333333333333,52.666666666666664,48.33333333333333
2023-08-18,63.0,64.0,61.0,63.0,7531200,62.333333333333336,65.66666666666667,68.33333333333334,71.66666666666667,59.66666666666667,56.333333333333336,53.66666666666667
2023-08-21,63.0,64.0,55.0,59.0,16474600,62.666666666666664,64.33333333333333,65.66666666666666,67.33333333333333,61.33333333333333,59.666666666666664,58.33333333333333
2023-08-22,60.0,60.0,56.0,60.0,9793500,59.333333333333336,63.66666666666667,68.33333333333334,72.66666666666667,54.66666666666667,50.333333333333336,45.66666666666667
2023-08-23,59.0,61.0,59.0,61.0,7535700,58.666666666666664,61.33333333333333,62.666666666666664,65.33333333333333,57.33333333333333,54.666666666666664,53.33333333333333
2023-08-24,61.0,62.0,59.0,60.0,3989700,60.333333333333336,61.66666666666667,62.333333333333336,63.66666666666667,59.66666666666667,58.333333333333336,57.66666666666667
2023-08-25,60.0,66.0,59.0,64.0,52078100,60.333333333333336,61.66666666666667,63.333333333333336,64.66666666666667,58.66666666666667,57.333333333333336,55.66666666666667
2023-08-28,64.0,73.0,63.0,64.0,66723000,63.0,67.0,70.0,74.0,60.0,56.0,53.0
2023-08-29,65.0,70.0,65.0,69.0,29580500,66.66666666666667,70.33333333333334,76.66666666666667,80.33333333333334,60.33333333333334,56.66666666666667,50.33333333333334
2023-08-30,69.0,72.0,68.0,69.0,33441900,68.0,71.0,73.0,76.0,66.0,63.0,61.0
2023-08-31,70.0,71.0,67.0,67.0,13014700,69.66666666666667,71.33333333333334,73.66666666666667,75.33333333333334,67.33333333333334,65.66666666666667,63.33333333333334
2023-09-01,65.0,70.0,64.0,68.0,18126700,68.33333333333333,69.66666666666666,72.33333333333333,73.66666666666666,65.66666666666666,64.33333333333333,61.66666666666666
2023-09-04,69.0,71.0,68.0,68.0,18775900,67.33333333333333,70.66666666666666,73.33333333333333,76.66666666666666,64.66666666666666,61.33333333333333,58.66666666666666
2023-09-05,68.0,69.0,66.0,67.0,13474800,69.0,70.0,72.0,73.0,67.0,66.0,64.0
2023-09-06,67.0,72.0,66.0,68.0,40946600,67.33333333333333,68.66666666666666,70.33333333333333,71.66666666666666,65.66666666666666,64.33333333333333,62.66666666666666
2023-09-07,69.0,71.0,68.0,68.0,11646600,68.66666666666667,71.33333333333334,74.66666666666667,77.33333333333334,65.33333333333334,62.66666666666667,59.33333333333334
2023-09-08,68.0,70.0,68.0,69.0,7623500,69.0,70.0,72.0,73.0,67.0,66.0,64.0
2023-09-11,69.0,72.0,68.0,70.0,20636200,69.0,70.0,71.0,72.0,68.0,67.0,66.0
2023-09-12,71.0,78.0,68.0,70.0,95399900,70.0,72.0,74.0,76.0,68.0,66.0,64.0
2023-09-13,67.0,70.0,65.0,66.0,24439700,72.0,76.0,82.0,86.0,66.0,62.0,56.0
2023-09-14,66.0,74.0,65.0,71.0,37476100,67.0,69.0,72.0,74.0,64.0,62.0,59.0
2023-09-15,72.0,77.0,69.0,73.0,67129800,70.0,75.0,79.0,84.0,66.0,61.0,57.0
2023-09-18,74.0,89.0,73.0,86.0,129734900,73.0,77.0,81.0,85.0,69.0,65.0,61.0
2023-09-19,89.0,89.0,84.0,85.0,39739900,82.66666666666667,92.33333333333334,98.66666666666667,108.33333333333334,76.33333333333334,66.66666666666667,60.33333333333334
2023-09-20,86.0,91.0,85.0,85.0,79315600,86.0,88.0,91.0,93.0,83.0,81.0,78.0
2023-09-21,84.0,87.0,81.0,83.0,25318500,87.0,89.0,93.0,95.0,83.0,81.0,77.0
2023-09-22,83.0,85.0,83.0,84.0,14060100,83.66666666666667,86.33333333333334,89.66666666666667,92.33333333333334,80.33333333333334,77.66666666666667,74.33333333333334
2023-09-25,85.0,86.0,82.0,83.0,10850800,84.0,85.0,86.0,87.0,83.0,82.0,81.0
2023-09-26,84.0,84.0,72.0,75.0,30258300,83.66666666666667,85.33333333333334,87.66666666666667,89.33333333333334,81.33333333333334,79.66666666666667,77.33333333333334
2023-09-27,76.0,85.0,69.0,83.0,62736700,77.0,82.0,89.0,94.0,70.0,65.0,58.0
2023-09-29,83.0,90.0,83.0,87.0,49442900,79.0,89.0,95.0,105.0,73.0,63.0,57.0
2023-10-02,88.0,88.0,81.0,83.0,21358600,86.66666666666667,90.33333333333334,93.66666666666667,97.33333333333334,83.33333333333334,79.66666666666667,76.33333333333334
2023-10-03,83.0,84.0,81.0,83.0,13938500,84.0,87.0,91.0,94.0,80.0,77.0,73.0
2023-10-04,83.0,90.0,77.0,85.0,49127500,82.66666666666667,84.33333333333334,85.66666666666667,87.33333333333334,81.33333333333334,79.66666666666667,78.33333333333334
2023-10-05,86.0,87.0,81.0,84.0,14692700,84.0,91.0,97.0,104.0,78.0,71.0,65.0
2023-10-06,83.0,84.0,79.0,83.0,22741700,84.0,87.0,90.0,93.0,81.0,78.0,75.0
2023-10-09,84.0,94.0,84.0,89.0,74746300,82.0,85.0,87.0,90.0,80.0,77.0,75.0
2023-10-10,90.0,92.0,89.0,91.0,18397700,89.0,94.0,99.0,104.0,84.0,79.0,74.0
2023-10-11,91.0,92.0,88.0,90.0,12541600,90.66666666666667,92.33333333333334,93.66666666666667,95.33333333333334,89.33333333333334,87.66666666666667,86.33333333333334
2023-10-12,90.0,91.0,84.0,87.0,24245100,90.0,92.0,94.0,96.0,88.0,86.0,84.0
2023-10-13,86.0,89.0,86.0,88.0,6443000,87.33333333333333,90.66666666666666,94.33333333333333,97.66666666666666,83.66666666666666,80.33333333333333,76.66666666666666
2023-10-16,95.0,95.0,86.0,87.0,19454600,87.66666666666667,89.33333333333334,90.66666666666667,92.33333333333334,86.33333333333334,84.66666666666667,83.33333333333334
2023-10-17,87.0,91.0,85.0,87.0,41360600,89.33333333333333,92.66666666666666,98.33333333333333,101.66666666666666,83.66666666666666,80.33333333333333,74.66666666666666
2023-10-18,88.0,90.0,87.0,89.0,9569800,87.66666666666667,90.33333333333334,93.66666666666667,96.33333333333334,84.33333333333334,81.66666666666667,78.33333333333334
2023-10-19,90.0,90.0,85.0,85.0,13355600,88.66666666666667,90.33333333333334,91.66666666666667,93.33333333333334,87.33333333333334,85.66666666666667,84.33333333333334
2023-10-20,85.0,86.0,78.0,83.0,20944200,86.66666666666667,88.33333333333334,91.66666666666667,93.33333333333334,83.33333333333334,81.66666666666667,78.33333333333334
2023-10-23,83.0,83.0,77.0,79.0,21386600,82.33333333333333,86.66666666666666,90.33333333333333,94.66666666666666,78.66666666666666,74.33333333333333,70.66666666666666
2023-10-24,79.0,86.0,77.0,79.0,51089000,79.66666666666667,82.33333333333334,85.66666666666667,88.33333333333334,76.33333333333334,73.66666666666667,70.33333333333334
2023-10-25,79.0,82.0,78.0,78.0,14781000,80.66666666666667,84.33333333333334,89.66666666666667,93.33333333333334,75.33333333333334,71.66666666666667,66.33333333333334
2023-10-26,78.0,81.0,77.0,78.0,9568700,79.33333333333333,80.66666666666666,83.33333333333333,84.66666666666666,76.66666666666666,75.33333333333333,72.66666666666666
2023-10-27,78.0,80.0,78.0,79.0,6500500,78.66666666666667,80.33333333333334,82.66666666666667,84.33333333333334,76.33333333333334,74.66666666666667,72.33333333333334
2023-10-30,79.0,81.0,73.0,75.0,30627800,79.0,80.0,81.0,82.0,78.0,77.0,76.0
2023-10-31,76.0,76.0,72.0,74.0,12606100,76.33333333333333,79.66666666666666,84.33333333333333,87.66666666666666,71.66666666666666,68.33333333333333,63.66666666666666
2023-11-01,71.0,71.0,56.0,58.0,71124100,74.0,76.0,78.0,80.0,72.0,70.0,68.0
2023-11-02,58.0,74.0,57.0,65.0,76454300,61.666666666666664,67.33333333333333,76.66666666666666,82.33333333333333,52.33333333333333,46.666666666666664,37.33333333333333
2023-11-03,67.0,74.0,63.0,65.0,11910200,65.33333333333333,73.66666666666666,82.33333333333333,90.66666666666666,56.66666666666666,48.33333333333333,39.66666666666666
2023-11-06,65.0,67.0,63.0,64.0,8888000,67.33333333333333,71.66666666666666,78.33333333333333,82.66666666666666,60.66666666666666,56.33333333333333,49.66666666666666
2023-11-07,65.0,65.0,61.0,63.0,5169400,64.66666666666667,66.33333333333334,68.66666666666667,70.33333333333334,62.33333333333334,60.66666666666667,58.33333333333334
2023-11-08,65.0,65.0,60.0,61.0,4867000,63.0,65.0,67.0,69.0,61.0,59.0,57.0
2023-11-09,62.0,63.0,61.0,62.0,2898900,62.0,64.0,67.0,69.0,59.0,57.0,54.0
2023-11-10,62.0,63.0,61.0,63.0,2348100,62.0,63.0,64.0,65.0,61.0,60.0,59.0
2023-11-13,63.0,70.0,61.0,64.0,24489200,62.333333333333336,63.66666666666667,64.33333333333334,65.66666666666667,61.66666666666667,60.333333333333336,59.66666666666667
2023-11-14,65.0,65.0,63.0,63.0,4759300,65.0,69.0,74.0,78.0,60.0,56.0,51.0
2023-11-15,64.0,66.0,63.0,64.0,3595400,63.666666666666664,64.33333333333333,65.66666666666666,66.33333333333333,62.33333333333333,61.666666666666664,60.33333333333333
2023-11-16,65.0,69.0,63.0,67.0,24636100,64.33333333333333,65.66666666666666,67.33333333333333,68.66666666666666,62.66666666666666,61.33333333333333,59.66666666666666
2023-11-17,67.0,67.0,64.0,66.0,5503700,66.33333333333333,69.66666666666666,72.33333333333333,75.66666666666666,63.66666666666666,60.33333333333333,57.66666666666666
2023-11-20,66.0,67.0,60.0,63.0,12380600,65.66666666666667,67.33333333333334,68.66666666666667,70.33333333333334,64.33333333333334,62.66666666666667,61.33333333333334
2023-11-21,63.0,64.0,60.0,62.0,5340200,63.333333333333336,66.66666666666667,70.33333333333334,73.66666666666667,59.66666666666667,56.333333333333336,52.66666666666667
2023-11-22,62.0,63.0,60.0,62.0,3795600,62.0,64.0,66.0,68.0,60.0,58.0,56.0
2023-11-23,63.0,63.0,54.0,61.0,24792500,61.666666666666664,63.33333333333333,64.66666666666666,66.33333333333333,60.33333333333333,58.666666666666664,57.33333333333333
2023-11-24,53.0,63.0,53.0,59.0,42060700,59.333333333333336,64.66666666666667,68.33333333333334,73.66666666666667,55.66666666666667,50.333333333333336,46.66666666666667
2023-11-27,67.0,67.0,55.0,59.0,5066400,58.333333333333336,63.66666666666667,68.33333333333334,73.66666666666667,53.66666666666667,48.333333333333336,43.66666666666667
2023-11-28,59.0,61.0,58.0,60.0,5134200,60.333333333333336,65.66666666666667,72.33333333333334,77.66666666666667,53.66666666666667,48.333333333333336,41.66666666666667
2023-11-29,61.0,65.0,60.0,62.0,10345900,59.666666666666664,61.33333333333333,62.666666666666664,64.33333333333333,58.33333333333333,56.666666666666664,55.33333333333333
2023-11-30,62.0,64.0,61.0,62.0,4497000,62.333333333333336,64.66666666666667,67.33333333333334,69.66666666666667,59.66666666666667,57.333333333333336,54.66666666666667
2023-12-01,63.0,63.0,60.0,61.0,3198500,62.333333333333336,63.66666666666667,65.33333333333334,66.66666666666667,60.66666666666667,59.333333333333336,57.66666666666667
2023-12-04,61.0,62.0,59.0,61.0,6859000,61.333333333333336,62.66666666666667,64.33333333333334,65.66666666666667,59.66666666666667,58.333333333333336,56.66666666666667
2023-12-05,61.0,61.0,60.0,61.0,1713700,60.666666666666664,62.33333333333333,63.666666666666664,65.33333333333333,59.33333333333333,57.666666666666664,56.33333333333333
2023-12-06,61.0,62.0,59.0,59.0,3381500,60.666666666666664,61.33333333333333,61.666666666666664,62.33333333333333,60.33333333333333,59.666666666666664,59.33333333333333
2023-12-07,60.0,60.0,57.0,58.0,5031200,60.0,61.0,63.0,64.0,58.0,57.0,55.0
2023-12-08,58.0,60.0,56.0,59.0,6933100,58.333333333333336,59.66666666666667,61.333333333333336,62.66666666666667,56.66666666666667,55.333333333333336,53.66666666666667
2023-12-11,50.0,59.0,50.0,54.0,11173400,58.333333333333336,60.66666666666667,62.333333333333336,64.66666666666667,56.66666666666667,54.333333333333336,52.66666666666667
2023-12-12,55.0,56.0,50.0,51.0,47685800,54.333333333333336,58.66666666666667,63.333333333333336,67.66666666666667,49.66666666666667,45.333333333333336,40.66666666666667
2023-12-13,52.0,52.0,50.0,51.0,16994000,52.333333333333336,54.66666666666667,58.333333333333336,60.66666666666667,48.66666666666667,46.333333333333336,42.66666666666667
2023-12-14,51.0,51.0,50.0,51.0,7849200,51.0,52.0,53.0,54.0,50.0,49.0,48.0
2023-12-15,51.0,55.0,51.0,54.0,6944300,50.666666666666664,51.33333333333333,51.666666666666664,52.33333333333333,50.33333333333333,49.666666666666664,49.33333333333333
2023-12-18,54.0,54.0,52.0,54.0,2239500,53.333333333333336,55.66666666666667,57.333333333333336,59.66666666666667,51.66666666666667,49.333333333333336,47.66666666666667
2023-12-19,53.0,54.0,52.0,54.0,1446000,53.333333333333336,54.66666666666667,55.333333333333336,56.66666666666667,52.66666666666667,51.333333333333336,50.66666666666667
2023-12-20,53.0,54.0,52.0,52.0,3387800,53.333333333333336,54.66666666666667,55.333333333333336,56.66666666666667,52.66666666666667,51.333333333333336,50.66666666666667
2023-12-21,52.0,66.0,52.0,54.0,93259500,52.666666666666664,53.33333333333333,54.666666666666664,55.33333333333333,51.33333333333333,50.666666666666664,49.33333333333333
2023-12-22,55.0,61.0,54.0,57.0,27931900,57.333333333333336,62.66666666666667,71.33333333333334,76.66666666666667,48.66666666666667,43.333333333333336,34.66666666666667
