Tanggal,Open,High,Low,Close,Volume
,MBSS.JK,MBSS.JK,MBSS.JK,MBSS.JK,MBSS.JK
2019-12-26,488.0,488.0,482.0,486.0,518700
2019-12-27,486.0,486.0,482.0,484.0,398100
2019-12-30,486.0,486.0,482.0,482.0,227200
2020-01-02,486.0,488.0,482.0,482.0,208200
2020-01-03,482.0,486.0,480.0,484.0,149100
2020-01-06,484.0,488.0,482.0,486.0,272500
2020-01-07,486.0,496.0,482.0,490.0,352700
2020-01-08,490.0,496.0,488.0,490.0,82300
2020-01-09,492.0,496.0,488.0,488.0,974600
2020-01-10,490.0,490.0,486.0,490.0,272500
2020-01-13,488.0,515.0,488.0,496.0,984200
2020-01-14,496.0,496.0,490.0,492.0,505200
2020-01-15,492.0,494.0,486.0,488.0,231200
2020-01-16,488.0,496.0,480.0,488.0,969200
2020-01-17,494.0,494.0,488.0,488.0,62900
2020-01-20,494.0,494.0,480.0,482.0,740200
2020-01-21,488.0,500.0,478.0,482.0,203500
2020-01-22,482.0,490.0,418.0,420.0,13224600
2020-01-23,424.0,434.0,402.0,416.0,1306800
2020-01-24,416.0,430.0,406.0,412.0,2332400
2020-01-27,412.0,418.0,402.0,408.0,1336700
2020-01-28,408.0,430.0,402.0,410.0,996900
2020-01-29,420.0,450.0,420.0,430.0,1737100
2020-01-30,430.0,434.0,426.0,428.0,403900
2020-01-31,430.0,430.0,420.0,426.0,329800
2020-02-03,426.0,426.0,412.0,426.0,440600
2020-02-04,426.0,432.0,412.0,416.0,509300
2020-02-05,418.0,432.0,418.0,428.0,432500
2020-02-06,428.0,430.0,426.0,428.0,290700
2020-02-07,430.0,430.0,426.0,426.0,275100
2020-02-10,430.0,430.0,410.0,416.0,943800
2020-02-11,416.0,422.0,414.0,416.0,338100
2020-02-12,420.0,422.0,406.0,410.0,643500
2020-02-13,410.0,418.0,402.0,408.0,700900
2020-02-14,410.0,414.0,404.0,408.0,145800
2020-02-17,408.0,420.0,408.0,418.0,293500
2020-02-18,418.0,428.0,414.0,422.0,337100
2020-02-19,426.0,434.0,422.0,426.0,415400
2020-02-20,426.0,432.0,426.0,432.0,222300
2020-02-21,434.0,434.0,424.0,426.0,248400
2020-02-24,426.0,428.0,416.0,416.0,405200
2020-02-25,414.0,430.0,412.0,424.0,756700
2020-02-26,422.0,424.0,412.0,418.0,433600
2020-02-27,416.0,418.0,390.0,408.0,2040900
2020-02-28,408.0,408.0,350.0,370.0,1314800
2020-03-02,370.0,400.0,350.0,370.0,1014900
2020-03-03,380.0,398.0,362.0,362.0,1369900
2020-03-04,362.0,372.0,356.0,358.0,1225100
2020-03-05,370.0,378.0,358.0,368.0,568500
2020-03-06,368.0,368.0,360.0,364.0,300500
2020-03-09,364.0,364.0,344.0,346.0,1346100
2020-03-10,344.0,354.0,340.0,350.0,774500
2020-03-11,352.0,352.0,338.0,338.0,553900
2020-03-12,340.0,340.0,306.0,306.0,1385000
2020-03-13,296.0,300.0,286.0,292.0,957300
2020-03-16,296.0,304.0,272.0,274.0,593500
2020-03-17,274.0,294.0,256.0,256.0,819600
2020-03-18,258.0,268.0,240.0,240.0,960600
2020-03-19,224.0,224.0,224.0,224.0,180800
2020-03-20,224.0,248.0,210.0,246.0,1544500
2020-03-23,250.0,276.0,230.0,250.0,1692000
2020-03-24,250.0,270.0,238.0,250.0,1423900
2020-03-26,260.0,298.0,260.0,280.0,3632600
2020-03-27,300.0,340.0,300.0,314.0,1930200
2020-03-30,318.0,318.0,294.0,294.0,524700
2020-03-31,302.0,308.0,292.0,304.0,429300
2020-04-01,304.0,322.0,300.0,312.0,463100
2020-04-02,308.0,340.0,306.0,334.0,1254500
2020-04-03,338.0,350.0,330.0,332.0,1682100
2020-04-06,334.0,354.0,334.0,354.0,870100
2020-04-07,358.0,370.0,340.0,350.0,1246700
2020-04-08,350.0,350.0,326.0,330.0,653600
2020-04-09,330.0,350.0,324.0,346.0,554800
2020-04-13,346.0,370.0,340.0,350.0,838000
2020-04-14,344.0,360.0,344.0,356.0,1045900
2020-04-15,356.0,362.0,344.0,344.0,860000
2020-04-16,344.0,358.0,326.0,330.0,959400
2020-04-17,350.0,350.0,308.0,318.0,1870900
2020-04-20,320.0,344.0,302.0,310.0,4325400
2020-04-21,318.0,318.0,294.0,294.0,1237100
2020-04-22,300.0,310.0,292.0,308.0,1014100
2020-04-23,308.0,310.0,294.0,304.0,2274700
2020-04-24,308.0,310.0,290.0,296.0,1697500
2020-04-27,300.0,312.0,298.0,302.0,1305900
2020-04-28,302.0,310.0,290.0,302.0,659200
2020-04-29,302.0,308.0,298.0,306.0,719100
2020-04-30,308.0,320.0,304.0,310.0,1555100
2020-05-04,308.0,316.0,308.0,312.0,687700
2020-05-05,312.0,314.0,310.0,312.0,397600
2020-05-06,312.0,312.0,306.0,310.0,602500
2020-05-08,310.0,320.0,308.0,320.0,1385300
2020-05-11,320.0,324.0,314.0,320.0,1227300
2020-05-12,320.0,320.0,312.0,312.0,609100
2020-05-13,312.0,312.0,302.0,308.0,675500
2020-05-14,308.0,308.0,300.0,302.0,814500
2020-05-15,304.0,304.0,300.0,300.0,473400
2020-05-18,300.0,310.0,300.0,300.0,800900
2020-05-19,302.0,304.0,298.0,302.0,545700
2020-05-20,302.0,306.0,302.0,304.0,442900
2020-05-26,304.0,312.0,304.0,312.0,418900
2020-05-27,316.0,316.0,304.0,306.0,633800
2020-05-28,306.0,310.0,304.0,304.0,494800
2020-05-29,304.0,308.0,300.0,306.0,748000
2020-06-02,306.0,308.0,304.0,306.0,659900
2020-06-03,308.0,316.0,302.0,310.0,1668300
2020-06-04,312.0,316.0,310.0,310.0,2145000
2020-06-05,310.0,314.0,308.0,310.0,361400
2020-06-08,314.0,360.0,312.0,344.0,5395000
2020-06-09,342.0,360.0,342.0,348.0,2075200
2020-06-10,348.0,348.0,324.0,328.0,2787600
2020-06-11,328.0,328.0,306.0,310.0,3546400
2020-06-12,310.0,318.0,300.0,316.0,586200
2020-06-15,318.0,318.0,308.0,310.0,852200
2020-06-16,318.0,318.0,312.0,314.0,368500
2020-06-17,318.0,318.0,310.0,314.0,470300
2020-06-18,314.0,318.0,310.0,314.0,355900
2020-06-19,316.0,322.0,316.0,318.0,656800
2020-06-22,318.0,322.0,316.0,316.0,555100
2020-06-23,318.0,318.0,314.0,316.0,377000
2020-06-24,318.0,320.0,316.0,316.0,528500
2020-06-25,312.0,320.0,308.0,316.0,368700
2020-06-26,318.0,324.0,316.0,318.0,461500
2020-06-29,318.0,320.0,316.0,320.0,307800
2020-06-30,320.0,326.0,318.0,318.0,448500
2020-07-01,322.0,326.0,316.0,322.0,942700
2020-07-02,326.0,328.0,320.0,324.0,499200
2020-07-03,326.0,330.0,326.0,328.0,728300
2020-07-06,330.0,336.0,328.0,336.0,559400
2020-07-07,336.0,350.0,336.0,342.0,837700
2020-07-08,342.0,342.0,334.0,336.0,1381600
2020-07-09,338.0,338.0,336.0,336.0,606700
2020-07-10,336.0,338.0,332.0,334.0,412800
2020-07-13,336.0,360.0,332.0,354.0,6508200
2020-07-14,360.0,414.0,356.0,384.0,11191700
2020-07-15,388.0,402.0,388.0,396.0,2552900
2020-07-16,402.0,402.0,370.0,378.0,4146300
2020-07-17,376.0,402.0,370.0,382.0,5115700
2020-07-20,382.0,386.0,374.0,376.0,1082000
2020-07-21,376.0,384.0,372.0,380.0,1028000
2020-07-22,380.0,396.0,380.0,382.0,1445200
2020-07-23,384.0,424.0,382.0,416.0,7344900
2020-07-24,418.0,420.0,406.0,410.0,2955300
2020-07-27,416.0,416.0,400.0,400.0,1239900
2020-07-28,400.0,434.0,400.0,422.0,2725600
2020-07-29,424.0,426.0,408.0,418.0,1239600
2020-07-30,420.0,424.0,412.0,416.0,679800
2020-08-03,416.0,416.0,388.0,390.0,3414900
2020-08-04,392.0,404.0,384.0,394.0,1059400
2020-08-05,394.0,408.0,394.0,402.0,636900
2020-08-06,404.0,424.0,404.0,416.0,3195900
2020-08-07,420.0,420.0,400.0,412.0,1664200
2020-08-10,420.0,428.0,408.0,420.0,2137600
2020-08-11,420.0,428.0,418.0,420.0,1839600
2020-08-12,420.0,420.0,412.0,416.0,1385600
2020-08-13,420.0,420.0,412.0,412.0,743000
2020-08-14,412.0,416.0,412.0,412.0,358200
2020-08-18,412.0,414.0,402.0,404.0,1921900
2020-08-19,408.0,410.0,400.0,406.0,1355400
2020-08-24,406.0,406.0,400.0,404.0,1815000
2020-08-25,406.0,428.0,404.0,416.0,4529000
2020-08-26,418.0,420.0,404.0,412.0,1451700
2020-08-27,414.0,416.0,406.0,412.0,863800
2020-08-28,412.0,412.0,404.0,404.0,701300
2020-08-31,404.0,410.0,388.0,396.0,1832500
2020-09-01,400.0,408.0,396.0,408.0,952500
2020-09-02,408.0,408.0,402.0,404.0,368400
2020-09-03,404.0,418.0,394.0,402.0,1500200
2020-09-04,396.0,400.0,390.0,400.0,3589600
2020-09-07,400.0,400.0,394.0,398.0,137800
2020-09-08,398.0,404.0,396.0,396.0,202600
2020-09-09,396.0,396.0,384.0,386.0,1065200
2020-09-10,386.0,386.0,360.0,360.0,1404000
2020-09-11,350.0,380.0,336.0,376.0,1348300
2020-09-14,378.0,392.0,376.0,388.0,866500
2020-09-15,388.0,390.0,380.0,386.0,470300
2020-09-16,378.0,380.0,374.0,380.0,280100
2020-09-17,388.0,388.0,372.0,372.0,167400
2020-09-18,372.0,378.0,372.0,372.0,460600
2020-09-21,372.0,382.0,370.0,370.0,434800
2020-09-22,370.0,372.0,364.0,370.0,309800
2020-09-23,370.0,384.0,360.0,362.0,690900
2020-09-24,362.0,362.0,346.0,360.0,598700
2020-09-25,360.0,378.0,360.0,372.0,356400
2020-09-28,374.0,374.0,368.0,370.0,286200
2020-09-29,370.0,376.0,364.0,370.0,269300
2020-09-30,370.0,380.0,366.0,374.0,184600
2020-10-01,374.0,374.0,368.0,368.0,387200
2020-10-02,368.0,392.0,368.0,370.0,535700
2020-10-05,370.0,378.0,370.0,372.0,89700
2020-10-06,372.0,376.0,372.0,376.0,127100
2020-10-07,376.0,376.0,370.0,376.0,107300
2020-10-08,376.0,376.0,372.0,374.0,143600
2020-10-09,374.0,380.0,370.0,376.0,97200
2020-10-12,376.0,380.0,374.0,378.0,3522900
2020-10-13,380.0,382.0,376.0,376.0,496300
2020-10-14,380.0,384.0,374.0,380.0,328700
2020-10-15,380.0,380.0,368.0,374.0,264000
2020-10-16,372.0,386.0,370.0,376.0,196300
2020-10-19,376.0,382.0,372.0,374.0,369700
2020-10-20,378.0,380.0,370.0,374.0,213600
2020-10-21,374.0,376.0,370.0,370.0,181000
2020-10-22,370.0,372.0,366.0,368.0,127100
2020-10-23,368.0,378.0,368.0,378.0,262200
2020-10-26,380.0,380.0,370.0,374.0,1347900
2020-10-27,376.0,382.0,370.0,372.0,564400
2020-11-02,372.0,372.0,366.0,368.0,143500
2020-11-03,368.0,374.0,368.0,372.0,327400
2020-11-04,376.0,376.0,372.0,374.0,152400
2020-11-05,374.0,374.0,370.0,374.0,321900
2020-11-06,374.0,376.0,374.0,374.0,330500
2020-11-09,376.0,380.0,374.0,378.0,680200
2020-11-10,382.0,388.0,380.0,384.0,413300
2020-11-11,386.0,390.0,384.0,386.0,859000
2020-11-12,386.0,400.0,384.0,398.0,1340800
2020-11-13,398.0,400.0,386.0,392.0,822300
2020-11-16,392.0,396.0,382.0,396.0,1468000
2020-11-17,398.0,408.0,396.0,400.0,2587100
2020-11-18,400.0,404.0,388.0,390.0,1201700
2020-11-19,390.0,402.0,388.0,396.0,1648500
2020-11-20,400.0,402.0,374.0,380.0,14601500
2020-11-23,384.0,418.0,382.0,418.0,4899600
2020-11-24,420.0,420.0,406.0,410.0,1426000
2020-11-25,410.0,416.0,402.0,406.0,1272000
2020-11-26,406.0,414.0,400.0,412.0,1285400
2020-11-27,414.0,436.0,412.0,434.0,4861200
2020-11-30,436.0,458.0,414.0,430.0,6029700
2020-12-01,428.0,454.0,428.0,450.0,4113000
2020-12-02,450.0,456.0,446.0,446.0,3558100
2020-12-03,450.0,460.0,430.0,436.0,4314200
2020-12-04,440.0,450.0,414.0,416.0,6896900
2020-12-07,420.0,430.0,412.0,420.0,7834700
2020-12-08,420.0,440.0,416.0,428.0,4069400
2020-12-10,430.0,438.0,422.0,422.0,2531900
2020-12-11,428.0,430.0,422.0,422.0,1507900
2020-12-14,430.0,448.0,426.0,444.0,5807400
2020-12-15,444.0,482.0,444.0,470.0,16745600
2020-12-16,480.0,580.0,474.0,545.0,30360400
2020-12-17,555.0,635.0,545.0,575.0,15812200
2020-12-18,585.0,590.0,540.0,570.0,10725700
2020-12-21,575.0,580.0,550.0,555.0,5344600
2020-12-22,555.0,560.0,520.0,525.0,3878000
2020-12-23,525.0,530.0,490.0,505.0,3373600
2020-12-28,500.0,515.0,490.0,505.0,3701100
2020-12-29,520.0,535.0,490.0,500.0,2697800
2020-12-30,496.0,500.0,466.0,472.0,7643500
2021-01-04,470.0,505.0,448.0,500.0,3968000
2021-01-05,500.0,500.0,484.0,492.0,1443400
2021-01-06,492.0,500.0,470.0,484.0,2320200
2021-01-07,484.0,492.0,482.0,484.0,2864100
2021-01-08,484.0,535.0,484.0,510.0,7030200
2021-01-11,520.0,525.0,500.0,505.0,4043900
2021-01-12,505.0,550.0,500.0,520.0,9513600
2021-01-13,530.0,545.0,520.0,525.0,7718400
2021-01-14,525.0,535.0,515.0,520.0,3446700
2021-01-15,530.0,540.0,510.0,520.0,3425400
2021-01-18,520.0,530.0,500.0,520.0,4434200
2021-01-19,525.0,525.0,484.0,494.0,4745000
2021-01-20,494.0,510.0,486.0,498.0,1539100
2021-01-21,498.0,515.0,490.0,490.0,2407100
2021-01-22,490.0,500.0,468.0,470.0,3319100
2021-01-25,470.0,470.0,450.0,450.0,4133500
2021-01-26,454.0,454.0,438.0,440.0,2106000
2021-01-27,438.0,440.0,410.0,440.0,5018400
2021-01-28,436.0,456.0,410.0,410.0,3060300
2021-01-29,410.0,420.0,384.0,414.0,3517300
2021-02-01,420.0,420.0,400.0,420.0,3499200
2021-02-02,440.0,462.0,416.0,416.0,14524400
2021-02-03,418.0,428.0,416.0,420.0,2467200
2021-02-04,422.0,438.0,414.0,424.0,2661100
2021-02-05,428.0,436.0,424.0,434.0,2960000
2021-02-08,440.0,444.0,434.0,442.0,2532800
2021-02-09,442.0,456.0,440.0,440.0,3737800
2021-02-10,444.0,444.0,432.0,440.0,816800
2021-02-11,440.0,440.0,432.0,438.0,697300
2021-02-15,438.0,442.0,432.0,436.0,1913400
2021-02-16,436.0,442.0,436.0,440.0,1257600
2021-02-17,440.0,440.0,434.0,434.0,1235900
2021-02-18,434.0,440.0,432.0,434.0,457900
2021-02-19,432.0,434.0,428.0,430.0,658000
2021-02-22,430.0,434.0,424.0,430.0,1481900
2021-02-23,432.0,434.0,424.0,430.0,789300
2021-02-24,430.0,430.0,424.0,430.0,625900
2021-02-25,430.0,436.0,430.0,432.0,760900
2021-02-26,432.0,438.0,428.0,438.0,1535300
2021-03-01,440.0,440.0,432.0,438.0,686800
2021-03-02,438.0,442.0,436.0,440.0,1548000
2021-03-03,442.0,448.0,440.0,444.0,1626600
2021-03-04,450.0,450.0,428.0,432.0,909200
2021-03-05,432.0,432.0,426.0,430.0,374000
2021-03-08,430.0,438.0,420.0,424.0,567200
2021-03-09,424.0,432.0,422.0,426.0,332700
2021-03-10,426.0,426.0,422.0,422.0,411200
2021-03-12,424.0,434.0,422.0,428.0,991100
2021-03-15,428.0,434.0,426.0,426.0,1636700
2021-03-16,426.0,438.0,426.0,430.0,910200
2021-03-17,430.0,432.0,428.0,428.0,709200
2021-03-18,432.0,438.0,430.0,434.0,1003800
2021-03-19,436.0,436.0,430.0,430.0,628800
2021-03-22,432.0,438.0,428.0,432.0,4102500
2021-03-23,440.0,448.0,430.0,432.0,4041400
2021-03-24,432.0,432.0,420.0,420.0,2149400
2021-03-25,418.0,424.0,418.0,422.0,1161100
2021-03-26,422.0,428.0,418.0,424.0,1124300
2021-03-29,426.0,432.0,422.0,424.0,341100
2021-03-30,424.0,428.0,416.0,418.0,1205700
2021-03-31,418.0,428.0,410.0,414.0,1101700
2021-04-01,410.0,418.0,408.0,416.0,709200
2021-04-05,416.0,420.0,412.0,414.0,667200
2021-04-06,414.0,416.0,412.0,414.0,438900
2021-04-07,414.0,420.0,414.0,414.0,298300
2021-04-08,414.0,418.0,412.0,418.0,328600
2021-04-09,418.0,424.0,414.0,418.0,754300
2021-04-12,418.0,420.0,412.0,414.0,795900
2021-04-13,414.0,416.0,410.0,412.0,845300
2021-04-14,412.0,416.0,410.0,412.0,396500
2021-04-15,412.0,418.0,410.0,414.0,334600
2021-04-16,414.0,416.0,410.0,416.0,446500
2021-04-19,416.0,420.0,410.0,410.0,916600
2021-04-20,414.0,414.0,410.0,414.0,316500
2021-04-21,418.0,418.0,410.0,410.0,205900
2021-04-22,416.0,416.0,410.0,412.0,392400
2021-04-23,410.0,424.0,410.0,420.0,1784900
2021-04-26,420.0,424.0,420.0,422.0,682000
2021-04-27,424.0,448.0,424.0,442.0,3462600
2021-04-28,442.0,446.0,440.0,444.0,1075800
2021-04-29,444.0,466.0,444.0,466.0,5251700
2021-04-30,468.0,486.0,466.0,482.0,5404300
2021-05-03,488.0,490.0,482.0,484.0,3932300
2021-05-04,484.0,486.0,464.0,470.0,3082500
2021-05-05,470.0,472.0,466.0,470.0,572300
2021-05-06,470.0,472.0,466.0,472.0,1385100
2021-05-07,476.0,480.0,470.0,472.0,1135800
2021-05-10,474.0,478.0,466.0,466.0,1454200
2021-05-11,468.0,472.0,466.0,470.0,1520000
2021-05-17,470.0,474.0,470.0,472.0,1926800
2021-05-18,474.0,474.0,440.0,462.0,1359400
2021-05-19,462.0,462.0,454.0,456.0,1304500
2021-05-20,456.0,458.0,448.0,456.0,540300
2021-05-21,456.0,468.0,456.0,462.0,991000
2021-05-24,464.0,468.0,460.0,460.0,809800
2021-05-25,460.0,464.0,460.0,462.0,809800
2021-05-27,464.0,478.0,462.0,476.0,1974100
2021-05-28,476.0,476.0,468.0,472.0,643700
2021-05-31,472.0,474.0,466.0,468.0,425500
2021-06-02,470.0,480.0,462.0,480.0,1302200
2021-06-03,480.0,488.0,466.0,466.0,1228900
2021-06-04,470.0,478.0,460.0,472.0,1343400
2021-06-07,472.0,478.0,470.0,478.0,875400
2021-06-08,480.0,510.0,478.0,482.0,4929200
2021-06-09,482.0,496.0,480.0,488.0,3595300
2021-06-10,490.0,498.0,490.0,490.0,1238500
2021-06-11,494.0,510.0,490.0,505.0,2502400
2021-06-14,510.0,515.0,496.0,505.0,2247400
2021-06-15,515.0,515.0,496.0,498.0,1218700
2021-06-16,496.0,505.0,494.0,498.0,1384600
2021-06-17,498.0,498.0,480.0,488.0,1143500
2021-06-18,488.0,492.0,454.0,458.0,2571300
2021-06-21,462.0,470.0,440.0,462.0,1404700
2021-06-22,468.0,470.0,462.0,468.0,1067300
2021-06-23,468.0,476.0,468.0,468.0,270600
2021-06-24,468.0,474.0,460.0,460.0,315900
2021-06-25,460.0,466.0,448.0,452.0,895700
2021-06-28,452.0,468.0,452.0,466.0,874400
2021-06-29,466.0,466.0,462.0,462.0,231200
2021-06-30,466.0,466.0,460.0,460.0,498700
2021-07-01,458.0,466.0,456.0,458.0,117600
2021-07-02,458.0,464.0,458.0,460.0,131400
2021-07-05,464.0,464.0,448.0,460.0,1640800
2021-07-06,462.0,472.0,458.0,472.0,1013800
2021-07-07,472.0,488.0,466.0,488.0,1679500
2021-07-08,492.0,530.0,490.0,500.0,9055800
2021-07-09,500.0,510.0,500.0,500.0,1057500
2021-07-12,505.0,505.0,468.0,500.0,1276100
2021-07-13,500.0,505.0,494.0,505.0,1450200
2021-07-14,505.0,515.0,498.0,515.0,2764000
2021-07-15,525.0,530.0,500.0,510.0,3041600
2021-07-16,510.0,515.0,500.0,510.0,2424900
2021-07-19,510.0,515.0,505.0,515.0,2113500
2021-07-21,515.0,520.0,510.0,520.0,1167300
2021-07-22,520.0,525.0,515.0,520.0,1380500
2021-07-23,520.0,525.0,515.0,515.0,1038700
2021-07-26,520.0,520.0,515.0,515.0,1141900
2021-07-27,515.0,520.0,510.0,515.0,912000
2021-07-28,520.0,520.0,515.0,515.0,1763700
2021-07-29,515.0,525.0,515.0,520.0,2095300
2021-07-30,525.0,545.0,520.0,535.0,4956000
2021-08-02,535.0,570.0,535.0,565.0,4188000
2021-08-03,565.0,575.0,535.0,540.0,1636400
2021-08-04,540.0,555.0,530.0,540.0,1102900
2021-08-05,540.0,555.0,540.0,555.0,989400
2021-08-06,560.0,635.0,560.0,630.0,17790900
2021-08-09,635.0,680.0,590.0,610.0,26269000
2021-08-10,610.0,655.0,575.0,625.0,14579800
2021-08-12,625.0,635.0,605.0,615.0,4078300
2021-08-13,615.0,625.0,595.0,600.0,7215000
2021-08-16,590.0,610.0,590.0,600.0,13675300
2021-08-18,605.0,615.0,595.0,605.0,2959900
2021-08-19,600.0,610.0,595.0,605.0,3631000
2021-08-20,605.0,610.0,600.0,605.0,2201700
2021-08-23,605.0,625.0,605.0,620.0,3277100
2021-08-24,630.0,655.0,620.0,655.0,16390900
2021-08-25,670.0,680.0,640.0,670.0,30573800
2021-08-26,670.0,670.0,625.0,640.0,10585600
2021-08-27,630.0,645.0,605.0,620.0,10200000
2021-08-30,620.0,625.0,615.0,625.0,5476800
2021-08-31,625.0,650.0,620.0,635.0,3411700
2021-09-01,640.0,645.0,625.0,640.0,3190300
2021-09-02,640.0,655.0,640.0,655.0,3022600
2021-09-03,655.0,700.0,645.0,685.0,22154500
2021-09-06,685.0,700.0,640.0,640.0,6401200
2021-09-07,640.0,650.0,625.0,630.0,1313900
2021-09-08,630.0,665.0,630.0,650.0,2917500
2021-09-09,650.0,655.0,640.0,655.0,1282700
2021-09-10,660.0,660.0,640.0,650.0,1209700
2021-09-13,650.0,665.0,645.0,655.0,2853600
2021-09-14,655.0,660.0,650.0,650.0,1194800
2021-09-15,650.0,655.0,645.0,650.0,1789900
2021-09-16,650.0,650.0,640.0,640.0,1321800
2021-09-17,640.0,645.0,625.0,645.0,1718700
2021-09-20,645.0,650.0,640.0,640.0,812200
2021-09-21,640.0,645.0,635.0,640.0,2290900
2021-09-22,640.0,645.0,630.0,645.0,438800
2021-09-23,645.0,645.0,640.0,640.0,644900
2021-09-24,640.0,650.0,640.0,650.0,2198400
2021-09-27,650.0,665.0,645.0,645.0,1424400
2021-09-28,645.0,650.0,640.0,645.0,1201400
2021-09-29,645.0,665.0,645.0,660.0,3358900
2021-09-30,660.0,725.0,650.0,695.0,22877900
2021-10-01,695.0,710.0,670.0,670.0,4667500
2021-10-04,695.0,700.0,665.0,680.0,2846800
2021-10-05,680.0,720.0,670.0,720.0,5126600
2021-10-06,725.0,900.0,720.0,900.0,12150900
2021-10-07,925.0,1000.0,840.0,840.0,5243300
2021-10-08,840.0,965.0,840.0,940.0,8752900
2021-10-11,965.0,1175.0,945.0,1110.0,13124000
2021-10-12,1110.0,1140.0,1035.0,1095.0,3954500
2021-10-13,1095.0,1095.0,1020.0,1020.0,1579500
2021-10-14,1010.0,1020.0,950.0,950.0,2853400
2021-10-15,950.0,950.0,885.0,885.0,4737800
2021-10-18,840.0,850.0,825.0,825.0,3771600
2021-10-19,775.0,775.0,770.0,770.0,1519500
2021-10-21,720.0,780.0,720.0,720.0,17355600
2021-10-22,720.0,760.0,680.0,690.0,11078300
2021-10-25,690.0,715.0,665.0,705.0,5321800
2021-10-26,715.0,740.0,705.0,730.0,7378800
2021-10-27,735.0,745.0,700.0,700.0,4204100
2021-10-28,700.0,715.0,675.0,690.0,2696100
2021-10-29,690.0,715.0,685.0,705.0,3266800
2021-11-01,705.0,720.0,695.0,705.0,3955600
2021-11-02,705.0,725.0,690.0,720.0,7410200
2021-11-03,735.0,755.0,710.0,750.0,13865400
2021-11-04,755.0,810.0,745.0,805.0,12471200
2021-11-05,810.0,815.0,765.0,765.0,5118800
2021-11-08,775.0,785.0,730.0,765.0,2453300
2021-11-09,775.0,800.0,760.0,760.0,4073800
2021-11-10,760.0,785.0,760.0,780.0,1910100
2021-11-11,790.0,790.0,765.0,770.0,1555400
2021-11-12,770.0,770.0,735.0,735.0,3308600
2021-11-15,735.0,735.0,700.0,725.0,2705200
2021-11-16,725.0,755.0,720.0,725.0,1578400
2021-11-17,725.0,750.0,725.0,750.0,658500
2021-11-18,745.0,750.0,725.0,735.0,756800
2021-11-19,735.0,865.0,735.0,845.0,12181900
2021-11-22,855.0,870.0,815.0,840.0,3182000
2021-11-23,840.0,845.0,790.0,790.0,1785200
2021-11-24,790.0,840.0,790.0,830.0,1403900
2021-11-25,830.0,830.0,800.0,810.0,965200
2021-11-26,810.0,815.0,760.0,775.0,1526600
2021-11-29,775.0,790.0,750.0,755.0,1460300
2021-11-30,750.0,860.0,750.0,810.0,6019900
2021-12-01,820.0,940.0,795.0,845.0,12124100
2021-12-02,855.0,860.0,815.0,840.0,1667800
2021-12-03,850.0,850.0,810.0,810.0,867200
2021-12-06,820.0,830.0,780.0,795.0,1693100
2021-12-07,795.0,815.0,785.0,800.0,1151000
2021-12-08,800.0,850.0,800.0,805.0,1032000
2021-12-09,805.0,820.0,790.0,810.0,1473300
2021-12-10,815.0,855.0,810.0,835.0,2912600
2021-12-13,860.0,930.0,850.0,930.0,7750300
2021-12-14,935.0,1000.0,935.0,995.0,6339600
2021-12-15,1000.0,1020.0,940.0,950.0,2514100
2021-12-16,950.0,990.0,900.0,925.0,2753700
2021-12-17,925.0,955.0,880.0,955.0,575400
2021-12-20,955.0,990.0,925.0,930.0,2021000
2021-12-21,930.0,1100.0,930.0,1065.0,12839400
2021-12-22,1065.0,1080.0,1005.0,1035.0,4644600
2021-12-23,1040.0,1070.0,1005.0,1035.0,2157700
2021-12-24,1035.0,1085.0,1005.0,1005.0,2948200
2021-12-27,1010.0,1035.0,960.0,1020.0,1435300
2021-12-28,1030.0,1045.0,1005.0,1020.0,814000
2021-12-29,1020.0,1055.0,1005.0,1055.0,2342400
2021-12-30,1060.0,1090.0,1010.0,1090.0,5873200
2022-01-03,1090.0,1150.0,1030.0,1085.0,8191100
2022-01-04,1080.0,1085.0,1010.0,1020.0,3762600
2022-01-05,1020.0,1020.0,950.0,950.0,5665200
2022-01-06,900.0,925.0,885.0,885.0,5964800
2022-01-07,870.0,1095.0,845.0,1075.0,11441500
2022-01-10,1075.0,1085.0,1000.0,1000.0,4105400
2022-01-11,1000.0,1075.0,985.0,1030.0,2562100
2022-01-12,1040.0,1040.0,990.0,1005.0,1284100
2022-01-13,1005.0,1025.0,1005.0,1015.0,886200
2022-01-14,1025.0,1075.0,1010.0,1055.0,2091600
2022-01-17,1060.0,1065.0,1000.0,1005.0,718600
2022-01-18,1005.0,1035.0,980.0,985.0,1119200
2022-01-19,985.0,1015.0,955.0,975.0,1296800
2022-01-20,975.0,1015.0,950.0,1000.0,2397700
2022-01-21,1005.0,1020.0,985.0,1000.0,1854900
2022-01-24,1010.0,1015.0,930.0,930.0,2526300
2022-01-25,930.0,930.0,865.0,865.0,6175200
2022-01-26,865.0,910.0,845.0,895.0,2052700
2022-01-27,890.0,890.0,860.0,875.0,824900
2022-01-28,875.0,875.0,850.0,870.0,411200
2022-01-31,875.0,875.0,845.0,855.0,1025300
2022-02-02,865.0,865.0,840.0,850.0,492900
2022-02-03,850.0,875.0,850.0,875.0,649000
2022-02-04,880.0,890.0,855.0,860.0,1686800
2022-02-07,860.0,870.0,800.0,820.0,2769100
2022-02-08,810.0,825.0,795.0,800.0,1776000
2022-02-09,800.0,825.0,770.0,825.0,1502300
2022-02-10,825.0,835.0,800.0,805.0,743400
2022-02-11,805.0,820.0,800.0,800.0,520700
2022-02-14,800.0,835.0,800.0,835.0,1238600
2022-02-15,840.0,865.0,810.0,815.0,1294800
2022-02-16,825.0,845.0,825.0,840.0,456100
2022-02-17,850.0,855.0,790.0,820.0,2964900
2022-02-18,820.0,825.0,805.0,810.0,580900
2022-02-21,810.0,810.0,785.0,800.0,1856400
2022-02-22,800.0,805.0,785.0,800.0,630400
2022-02-23,805.0,810.0,780.0,780.0,1005600
2022-02-24,780.0,820.0,755.0,790.0,1994300
2022-02-25,790.0,840.0,790.0,805.0,1395300
2022-03-01,815.0,930.0,800.0,895.0,4430900
2022-03-02,900.0,1070.0,870.0,1000.0,9166900
2022-03-04,1005.0,1025.0,950.0,980.0,3693500
2022-03-07,980.0,1010.0,950.0,970.0,1731000
2022-03-08,970.0,1000.0,960.0,1000.0,1589300
2022-03-09,1010.0,1070.0,965.0,980.0,3691100
2022-03-10,995.0,1070.0,985.0,1030.0,2985800
2022-03-11,1050.0,1180.0,1030.0,1075.0,8447400
2022-03-14,1080.0,1110.0,1030.0,1110.0,3719900
2022-03-15,1110.0,1110.0,1035.0,1050.0,2718800
2022-03-16,1050.0,1120.0,1035.0,1110.0,6366400
2022-03-17,1110.0,1120.0,1070.0,1110.0,2315600
2022-03-18,1100.0,1160.0,1095.0,1150.0,5271600
2022-03-21,1170.0,1340.0,1160.0,1340.0,8125600
2022-03-22,1340.0,1340.0,1250.0,1305.0,2826600
2022-03-23,1305.0,1305.0,1260.0,1300.0,1775100
2022-03-24,1300.0,1465.0,1300.0,1430.0,3082800
2022-03-25,1440.0,1500.0,1375.0,1400.0,1797200
2022-03-28,1400.0,1400.0,1305.0,1355.0,1658900
2022-03-29,1360.0,1395.0,1265.0,1295.0,3044500
2022-03-30,1295.0,1300.0,1215.0,1240.0,1520600
2022-03-31,1230.0,1550.0,1220.0,1360.0,4583100
2022-04-01,1365.0,1435.0,1320.0,1330.0,4171900
2022-04-04,1330.0,1385.0,1330.0,1350.0,499700
2022-04-05,1355.0,1380.0,1345.0,1365.0,387100
2022-04-06,1365.0,1425.0,1300.0,1335.0,1482700
2022-04-07,1330.0,1410.0,1300.0,1375.0,688600
2022-04-08,1400.0,1415.0,1320.0,1325.0,1395400
2022-04-11,1345.0,1345.0,1240.0,1260.0,2690500
2022-04-12,1255.0,1275.0,1225.0,1240.0,1839400
2022-04-13,1250.0,1275.0,1200.0,1205.0,3102000
2022-04-14,1215.0,1260.0,1195.0,1260.0,2767300
2022-04-18,1260.0,1285.0,1175.0,1190.0,4376800
2022-04-19,1200.0,1270.0,1190.0,1240.0,1244500
2022-04-20,1250.0,1250.0,1180.0,1190.0,1434500
2022-04-21,1190.0,1255.0,1180.0,1210.0,726700
2022-04-22,1220.0,1315.0,1165.0,1200.0,4624500
2022-04-25,1205.0,1210.0,1120.0,1155.0,3191000
2022-04-26,1165.0,1195.0,1130.0,1185.0,1971800
2022-04-27,1185.0,1250.0,1170.0,1250.0,1155900
2022-04-28,1245.0,1280.0,1210.0,1235.0,877800
2022-05-09,1240.0,1400.0,1215.0,1360.0,3040600
2022-05-10,1370.0,1370.0,1265.0,1265.0,2558600
2022-05-11,1265.0,1265.0,1200.0,1210.0,853600
2022-05-12,1210.0,1210.0,1165.0,1180.0,1406900
2022-05-13,1190.0,1315.0,1175.0,1245.0,1324000
2022-05-17,1250.0,1280.0,1200.0,1230.0,736900
2022-05-18,1230.0,1300.0,1230.0,1285.0,813200
2022-05-19,1285.0,1295.0,1215.0,1230.0,942300
2022-05-20,1240.0,1340.0,1235.0,1300.0,4321900
2022-05-23,1325.0,1370.0,1275.0,1290.0,2482700
2022-05-24,1290.0,1420.0,1275.0,1370.0,3936000
2022-05-25,1385.0,1385.0,1325.0,1340.0,3567400
2022-05-27,1340.0,1405.0,1320.0,1375.0,2924000
2022-05-30,1375.0,1465.0,1375.0,1400.0,2886200
2022-05-31,1400.0,1450.0,1340.0,1400.0,2318300
2022-06-02,1400.0,1440.0,1365.0,1380.0,1648400
2022-06-03,1380.0,1380.0,1285.0,1285.0,3971800
2022-06-06,1265.0,1265.0,1200.0,1200.0,2223200
2022-06-07,1200.0,1250.0,1180.0,1215.0,1061300
2022-06-08,1210.0,1235.0,1180.0,1190.0,902100
2022-06-09,1180.0,1190.0,1120.0,1140.0,2080800
2022-06-10,1155.0,1155.0,1080.0,1080.0,1161200
2022-06-13,1050.0,1050.0,1005.0,1020.0,1944100
2022-06-14,1020.0,1020.0,985.0,1005.0,1119300
2022-06-15,1005.0,1020.0,980.0,995.0,1347100
2022-06-16,970.0,1020.0,970.0,1000.0,1568000
2022-06-17,980.0,1000.0,955.0,975.0,947000
2022-06-20,980.0,990.0,910.0,990.0,1172900
2022-06-21,975.0,1000.0,970.0,985.0,801000
2022-06-22,990.0,1005.0,965.0,975.0,927000
2022-06-23,985.0,1040.0,985.0,1005.0,762200
2022-06-24,1015.0,1020.0,980.0,995.0,686200
2022-06-27,1005.0,1020.0,995.0,1015.0,271900
2022-06-28,1000.0,1015.0,975.0,980.0,565200
2022-06-29,980.0,1015.0,955.0,995.0,3547500
2022-06-30,980.0,990.0,945.0,970.0,1668200
2022-07-01,960.0,970.0,905.0,920.0,738500
2022-07-04,925.0,925.0,875.0,915.0,555000
2022-07-05,920.0,965.0,920.0,965.0,456200
2022-07-06,970.0,970.0,930.0,950.0,920300
2022-07-07,965.0,965.0,955.0,965.0,24800
2022-07-08,975.0,995.0,970.0,980.0,302500
2022-07-11,980.0,990.0,955.0,960.0,133500
2022-07-12,970.0,970.0,945.0,955.0,675000
2022-07-13,950.0,960.0,945.0,960.0,331300
2022-07-14,965.0,965.0,950.0,955.0,305700
2022-07-15,955.0,1175.0,945.0,1100.0,5044300
2022-07-18,1120.0,1135.0,1070.0,1075.0,2530400
2022-07-19,1080.0,1085.0,1065.0,1075.0,740700
2022-07-20,1075.0,1095.0,1055.0,1090.0,879400
2022-07-21,1090.0,1100.0,1065.0,1085.0,400700
2022-07-22,1085.0,1090.0,1025.0,1030.0,1088300
2022-07-25,1025.0,1070.0,1000.0,1060.0,801400
2022-07-26,1060.0,1070.0,1025.0,1045.0,281300
2022-07-27,1045.0,1070.0,1020.0,1035.0,520000
2022-07-28,1035.0,1055.0,1025.0,1035.0,287400
2022-07-29,1035.0,1055.0,1025.0,1030.0,346100
2022-08-01,1035.0,1055.0,1030.0,1040.0,423800
2022-08-02,1045.0,1055.0,985.0,995.0,1124000
2022-08-03,1000.0,1000.0,950.0,985.0,1034900
2022-08-04,990.0,990.0,955.0,980.0,200900
2022-08-05,980.0,995.0,965.0,970.0,463100
2022-08-08,985.0,990.0,950.0,980.0,384900
2022-08-09,980.0,995.0,970.0,975.0,374500
2022-08-10,975.0,1080.0,975.0,1000.0,1279000
2022-08-11,1005.0,1040.0,1005.0,1040.0,556800
2022-08-12,1040.0,1065.0,1010.0,1015.0,501000
2022-08-15,1020.0,1030.0,1010.0,1025.0,280300
2022-08-16,1025.0,1030.0,995.0,1000.0,392300
2022-08-18,1000.0,1015.0,985.0,995.0,1158400
2022-08-19,995.0,1020.0,995.0,1010.0,298800
2022-08-22,1010.0,1020.0,1000.0,1005.0,280100
2022-08-23,1005.0,1025.0,1000.0,1025.0,428900
2022-08-24,1025.0,1075.0,1020.0,1030.0,1962300
2022-08-25,1035.0,1055.0,1035.0,1055.0,590300
2022-08-26,1055.0,1085.0,1055.0,1075.0,898600
2022-08-29,1080.0,1080.0,1000.0,1075.0,541000
2022-08-30,1075.0,1075.0,1030.0,1030.0,446300
2022-08-31,1035.0,1045.0,1030.0,1030.0,204300
2022-09-01,1035.0,1110.0,1020.0,1095.0,1940000
2022-09-02,1095.0,1130.0,1075.0,1075.0,550400
2022-09-05,1085.0,1110.0,1045.0,1110.0,756100
2022-09-06,1110.0,1135.0,1105.0,1120.0,649400
2022-09-07,1120.0,1140.0,1105.0,1130.0,622100
2022-09-08,1135.0,1145.0,1100.0,1100.0,251000
2022-09-09,1100.0,1100.0,1075.0,1080.0,286400
2022-09-12,1080.0,1085.0,1075.0,1080.0,272100
2022-09-13,1080.0,1150.0,1075.0,1130.0,1745900
2022-09-14,1145.0,1180.0,1110.0,1150.0,1227300
2022-09-15,1150.0,1160.0,1120.0,1135.0,536500
2022-09-16,1150.0,1160.0,1120.0,1155.0,1094700
2022-09-19,1155.0,1165.0,1135.0,1135.0,200200
2022-09-20,1135.0,1140.0,1120.0,1140.0,130900
2022-09-21,1140.0,1150.0,1125.0,1150.0,459400
2022-09-22,1150.0,1150.0,1115.0,1115.0,279200
2022-09-23,1120.0,1135.0,1090.0,1130.0,519800
2022-09-26,1130.0,1155.0,1090.0,1090.0,421200
2022-09-27,1090.0,1145.0,1090.0,1110.0,106000
2022-09-28,1110.0,1145.0,1095.0,1145.0,198400
2022-09-29,1150.0,1150.0,1100.0,1100.0,513400
2022-09-30,1100.0,1150.0,1050.0,1150.0,510800
2022-10-03,1150.0,1150.0,1120.0,1120.0,92000
2022-10-04,1120.0,1140.0,1120.0,1125.0,44300
2022-10-05,1125.0,1140.0,1120.0,1125.0,35800
2022-10-06,1125.0,1135.0,1125.0,1130.0,41100
2022-10-07,1125.0,1130.0,1120.0,1120.0,69700
2022-10-10,1120.0,1120.0,1100.0,1110.0,130500
2022-10-11,1110.0,1110.0,1100.0,1110.0,15400
2022-10-12,1110.0,1125.0,1090.0,1105.0,94300
2022-10-13,1105.0,1105.0,1080.0,1095.0,55000
2022-10-14,1095.0,1095.0,1090.0,1095.0,159200
2022-10-17,1095.0,1095.0,1080.0,1080.0,264800
2022-10-18,1080.0,1095.0,1060.0,1060.0,110500
2022-10-19,1060.0,1100.0,1060.0,1090.0,458300
2022-10-20,1095.0,1095.0,1070.0,1085.0,98300
2022-10-21,1085.0,1230.0,1080.0,1155.0,1144600
2022-10-24,1170.0,1270.0,1165.0,1255.0,3040900
2022-10-25,1255.0,1320.0,1250.0,1310.0,3437800
2022-10-26,1320.0,1510.0,1320.0,1425.0,4136400
2022-10-27,1440.0,1440.0,1345.0,1345.0,1617100
2022-10-28,1360.0,1415.0,1300.0,1310.0,648800
2022-10-31,1310.0,1400.0,1250.0,1270.0,1011300
2022-11-01,1270.0,1285.0,1255.0,1275.0,545400
2022-11-02,1280.0,1290.0,1275.0,1275.0,167300
2022-11-03,1275.0,1275.0,1255.0,1275.0,170200
2022-11-04,1260.0,1260.0,1225.0,1230.0,326600
2022-11-07,1225.0,1250.0,1205.0,1225.0,398800
2022-11-08,1225.0,1305.0,1225.0,1275.0,649800
2022-11-09,1275.0,1290.0,1265.0,1280.0,148800
2022-11-10,1280.0,1280.0,1230.0,1240.0,280000
2022-11-11,1240.0,1250.0,1215.0,1225.0,136400
2022-11-14,1225.0,1250.0,1225.0,1250.0,19600
2022-11-15,1250.0,1250.0,1220.0,1230.0,114000
2022-11-16,1230.0,1230.0,1215.0,1220.0,32800
2022-11-17,1215.0,1220.0,1195.0,1205.0,306600
2022-11-18,1205.0,1205.0,1195.0,1195.0,34600
2022-11-21,1200.0,1235.0,1200.0,1205.0,28700
2022-11-22,1205.0,1210.0,1200.0,1205.0,125400
2022-11-23,1215.0,1215.0,1185.0,1200.0,121300
2022-11-24,1200.0,1200.0,1185.0,1185.0,210200
2022-11-25,1185.0,1195.0,1180.0,1185.0,354600
2022-11-28,1190.0,1190.0,1175.0,1175.0,159200
2022-11-29,1170.0,1175.0,1165.0,1165.0,116000
2022-11-30,1165.0,1220.0,1165.0,1180.0,698900
2022-12-01,1185.0,1275.0,1180.0,1275.0,1331300
2022-12-02,1275.0,1275.0,1230.0,1265.0,345800
2022-12-05,1270.0,1275.0,1230.0,1240.0,609900
2022-12-06,1240.0,1245.0,1220.0,1225.0,647900
2022-12-07,1225.0,1235.0,1220.0,1225.0,98200
2022-12-08,1225.0,1225.0,1200.0,1215.0,595400
2022-12-09,1225.0,1225.0,1210.0,1215.0,702200
2022-12-12,1215.0,1225.0,1205.0,1220.0,139300
2022-12-13,1220.0,1225.0,1210.0,1220.0,95000
2022-12-14,1220.0,1225.0,1215.0,1220.0,175500
2022-12-15,1220.0,1220.0,1205.0,1215.0,56400
2022-12-16,1215.0,1215.0,1205.0,1210.0,109600
2022-12-19,1200.0,1210.0,1200.0,1200.0,181000
2022-12-20,1200.0,1210.0,1195.0,1200.0,19500
2022-12-21,1195.0,1205.0,1195.0,1200.0,60700
2022-12-22,1205.0,1205.0,1190.0,1195.0,43200
2022-12-23,1190.0,1195.0,1190.0,1190.0,86100
2022-12-26,1195.0,1195.0,1170.0,1180.0,170100
2022-12-27,1185.0,1185.0,1175.0,1180.0,36200
2022-12-28,1185.0,1260.0,1185.0,1235.0,474600
2022-12-29,1235.0,1265.0,1190.0,1235.0,306000
2022-12-30,1235.0,1235.0,1195.0,1195.0,281800
2023-01-02,1200.0,1250.0,1200.0,1210.0,181100
2023-01-03,1210.0,1255.0,1195.0,1220.0,1408000
2023-01-04,1235.0,1235.0,1205.0,1215.0,22000
2023-01-05,1215.0,1215.0,1195.0,1195.0,174900
2023-01-06,1195.0,1200.0,1185.0,1190.0,82900
2023-01-09,1195.0,1210.0,1180.0,1205.0,110100
2023-01-10,1180.0,1200.0,1180.0,1190.0,11300
2023-01-11,1200.0,1205.0,1180.0,1185.0,88200
2023-01-12,1185.0,1200.0,1185.0,1190.0,31100
2023-01-13,1200.0,1225.0,1190.0,1220.0,70400
2023-01-16,1215.0,1235.0,1210.0,1210.0,47800
2023-01-17,1205.0,1205.0,1190.0,1205.0,55700
2023-01-18,1205.0,1230.0,1190.0,1220.0,14200
2023-01-19,1220.0,1230.0,1190.0,1220.0,55800
2023-01-20,1200.0,1220.0,1185.0,1200.0,23200
2023-01-24,1200.0,1210.0,1195.0,1195.0,18300
2023-01-25,1195.0,1205.0,1195.0,1195.0,12400
2023-01-26,1195.0,1200.0,1190.0,1195.0,167600
2023-01-27,1200.0,1210.0,1190.0,1210.0,64500
2023-01-30,1215.0,1215.0,1200.0,1200.0,34300
2023-01-31,1205.0,1205.0,1190.0,1190.0,327800
2023-02-01,1200.0,1200.0,1180.0,1180.0,94000
2023-02-02,1180.0,1180.0,1175.0,1175.0,114800
2023-02-03,1175.0,1185.0,1170.0,1170.0,160100
2023-02-06,1170.0,1195.0,1170.0,1185.0,73200
2023-02-07,1185.0,1195.0,1180.0,1180.0,94500
2023-02-08,1185.0,1185.0,1170.0,1175.0,47100
2023-02-09,1175.0,1180.0,1150.0,1155.0,161300
2023-02-10,1155.0,1165.0,1075.0,1095.0,437200
2023-02-13,1125.0,1140.0,1030.0,1040.0,447100
2023-02-14,1045.0,1110.0,1045.0,1070.0,325600
2023-02-15,1100.0,1115.0,1070.0,1110.0,78900
2023-02-16,1110.0,1115.0,1075.0,1080.0,143600
2023-02-17,1080.0,1100.0,1020.0,1035.0,315800
2023-02-20,1055.0,1055.0,1035.0,1035.0,310700
2023-02-21,1040.0,1085.0,1040.0,1045.0,117800
2023-02-22,1075.0,1085.0,1040.0,1040.0,334200
2023-02-23,1040.0,1070.0,1040.0,1065.0,34900
2023-02-24,1065.0,1105.0,1060.0,1065.0,132600
2023-02-27,1060.0,1075.0,1060.0,1060.0,13600
2023-02-28,1065.0,1100.0,1020.0,1100.0,194900
2023-03-01,1100.0,1100.0,1060.0,1080.0,61400
2023-03-02,1085.0,1090.0,1050.0,1050.0,249100
2023-03-03,1070.0,1075.0,1060.0,1065.0,9000
2023-03-06,1060.0,1090.0,1020.0,1075.0,344400
2023-03-07,1075.0,1075.0,1050.0,1050.0,108400
2023-03-08,1050.0,1075.0,1035.0,1040.0,4800
2023-03-09,1040.0,1070.0,1040.0,1040.0,590100
2023-03-10,1040.0,1070.0,1025.0,1040.0,168000
2023-03-13,1040.0,1040.0,1000.0,1015.0,172500
2023-03-14,1060.0,1100.0,1000.0,1030.0,178600
2023-03-15,1030.0,1065.0,1000.0,1010.0,26400
2023-03-16,1060.0,1060.0,940.0,990.0,346900
2023-03-17,990.0,1000.0,970.0,990.0,20400
2023-03-20,975.0,990.0,945.0,950.0,42400
2023-03-21,950.0,1050.0,950.0,975.0,129600
2023-03-24,990.0,1035.0,990.0,995.0,27900
2023-03-27,995.0,995.0,975.0,995.0,15400
2023-03-28,1030.0,1030.0,1005.0,1005.0,6700
2023-03-29,1035.0,1035.0,995.0,1020.0,98500
2023-03-30,1000.0,1040.0,1000.0,1025.0,12500
2023-03-31,1030.0,1100.0,1010.0,1100.0,167900
2023-04-03,1150.0,1330.0,1150.0,1240.0,5046300
2023-04-04,1245.0,1295.0,1205.0,1240.0,1393000
2023-04-05,1240.0,1245.0,1190.0,1190.0,289900
2023-04-06,1190.0,1200.0,1155.0,1185.0,186200
2023-04-10,1185.0,1185.0,1145.0,1155.0,216200
2023-04-11,1155.0,1210.0,1130.0,1170.0,211100
2023-04-12,1170.0,1195.0,1150.0,1190.0,294700
2023-04-13,1190.0,1215.0,1190.0,1200.0,361500
2023-04-14,1200.0,1280.0,1190.0,1230.0,860800
2023-04-17,1230.0,1290.0,1210.0,1270.0,1065600
2023-04-18,1280.0,1295.0,1235.0,1250.0,281900
2023-04-26,1255.0,1255.0,1205.0,1205.0,226500
2023-04-27,1200.0,1235.0,1190.0,1225.0,78700
2023-04-28,1225.0,1500.0,1205.0,1485.0,2818700
2023-05-02,1485.0,1500.0,1385.0,1385.0,440500
2023-05-03,1360.0,1360.0,1290.0,1290.0,1058700
2023-05-04,1275.0,1350.0,1275.0,1320.0,440200
2023-05-05,1320.0,1330.0,1280.0,1315.0,142700
2023-05-08,1315.0,1325.0,1290.0,1315.0,212000
2023-05-09,1325.0,1365.0,1260.0,1295.0,552900
2023-05-10,1290.0,1310.0,1225.0,1230.0,563100
2023-05-11,1250.0,1285.0,1230.0,1235.0,154900
2023-05-12,1235.0,1300.0,1235.0,1290.0,136100
2023-05-15,1290.0,1300.0,1250.0,1255.0,1025900
2023-05-16,1280.0,1280.0,1230.0,1270.0,148700
2023-05-17,1270.0,1270.0,1235.0,1250.0,71300
2023-05-19,1270.0,1305.0,1235.0,1275.0,220300
2023-05-22,1285.0,1340.0,1285.0,1300.0,170400
2023-05-23,1300.0,1315.0,1275.0,1280.0,336900
2023-05-24,1275.0,1295.0,1255.0,1295.0,146500
2023-05-25,1290.0,1300.0,1280.0,1290.0,500500
2023-05-26,1280.0,1280.0,1200.0,1255.0,142400
2023-05-29,1255.0,1310.0,1255.0,1265.0,170700
2023-05-30,1255.0,1295.0,1240.0,1295.0,75600
2023-05-31,1290.0,1295.0,1275.0,1280.0,181000
2023-06-05,1285.0,1300.0,1230.0,1300.0,781700
2023-06-06,1280.0,1280.0,1230.0,1235.0,245800
2023-06-07,1235.0,1260.0,1220.0,1220.0,86800
2023-06-08,1260.0,1260.0,1230.0,1240.0,52000
2023-06-09,1235.0,1240.0,1220.0,1225.0,131900
2023-06-12,1220.0,1235.0,1100.0,1200.0,162900
2023-06-13,1235.0,1235.0,1200.0,1210.0,224000
2023-06-14,1205.0,1230.0,1180.0,1230.0,355900
2023-06-15,1230.0,1230.0,1195.0,1230.0,132200
2023-06-16,1200.0,1250.0,1200.0,1220.0,137600
2023-06-19,1220.0,1250.0,1205.0,1225.0,75600
2023-06-20,1225.0,1250.0,1225.0,1245.0,30000
2023-06-21,1225.0,1245.0,1215.0,1235.0,38900
2023-06-22,1240.0,1240.0,1205.0,1205.0,75200
2023-06-23,1205.0,1265.0,1200.0,1215.0,105400
2023-06-26,1245.0,1260.0,1210.0,1245.0,57200
2023-06-27,1240.0,1250.0,1205.0,1250.0,21400
2023-07-03,1250.0,1400.0,1220.0,1300.0,818900
2023-07-04,1300.0,1300.0,1250.0,1270.0,70800
2023-07-05,1270.0,1295.0,1260.0,1285.0,85800
2023-07-06,1285.0,1330.0,1260.0,1325.0,231700
2023-07-07,1325.0,1325.0,1300.0,1300.0,97300
2023-07-10,1315.0,1350.0,1295.0,1350.0,102300
2023-07-11,1340.0,1340.0,1310.0,1310.0,92500
2023-07-12,1310.0,1325.0,1300.0,1310.0,88700
2023-07-13,1310.0,1350.0,1310.0,1340.0,415200
2023-07-14,1340.0,1340.0,1305.0,1310.0,271100
2023-07-17,1310.0,1340.0,1310.0,1325.0,37000
2023-07-18,1330.0,1330.0,1300.0,1310.0,38600
2023-07-20,1310.0,1500.0,1310.0,1345.0,192400
2023-07-21,1345.0,1360.0,1330.0,1335.0,98300
2023-07-24,1330.0,1350.0,1310.0,1310.0,56000
2023-07-25,1310.0,1400.0,1310.0,1365.0,228900
2023-07-26,1365.0,1365.0,1320.0,1325.0,221400
2023-07-27,1335.0,1380.0,1335.0,1350.0,232300
2023-07-28,1350.0,1350.0,1325.0,1325.0,204300
2023-07-31,1365.0,1365.0,1320.0,1325.0,460100
2023-08-01,1340.0,1355.0,1315.0,1330.0,617300
2023-08-02,1330.0,1350.0,1310.0,1325.0,96400
2023-08-03,1350.0,1350.0,1290.0,1330.0,697500
2023-08-04,1315.0,1330.0,1285.0,1310.0,187600
2023-08-07,1290.0,1310.0,1285.0,1290.0,101700
2023-08-08,1290.0,1295.0,1270.0,1270.0,195600
2023-08-09,1265.0,1280.0,1255.0,1260.0,69900
2023-08-10,1265.0,1295.0,1260.0,1265.0,85400
2023-08-11,1265.0,1265.0,1250.0,1260.0,101800
2023-08-14,1275.0,1275.0,1250.0,1260.0,83100
2023-08-15,1270.0,1270.0,1240.0,1260.0,51300
2023-08-16,1260.0,1265.0,1230.0,1245.0,134300
2023-08-18,1245.0,1245.0,1240.0,1240.0,36400
2023-08-21,1240.0,1275.0,1235.0,1235.0,74500
2023-08-22,1235.0,1265.0,1220.0,1240.0,51500
2023-08-23,1240.0,1245.0,1230.0,1240.0,24200
2023-08-24,1240.0,1260.0,1235.0,1240.0,38000
2023-08-25,1240.0,1260.0,1235.0,1240.0,18600
2023-08-28,1225.0,1245.0,1225.0,1235.0,30300
2023-08-29,1235.0,1235.0,1210.0,1230.0,107700
2023-08-30,1235.0,1240.0,1220.0,1240.0,38800
2023-08-31,1240.0,1240.0,1200.0,1210.0,134600
2023-09-01,1210.0,1255.0,1210.0,1245.0,64100
2023-09-04,1220.0,1245.0,1215.0,1235.0,56100
2023-09-05,1235.0,1240.0,1230.0,1230.0,22000
2023-09-06,1235.0,1235.0,1200.0,1200.0,90900
2023-09-07,1205.0,1225.0,1200.0,1220.0,253300
2023-09-08,1220.0,1220.0,1200.0,1205.0,41600
2023-09-11,1225.0,1250.0,1215.0,1245.0,145800
2023-09-12,1245.0,1250.0,1210.0,1230.0,52100
2023-09-13,1220.0,1235.0,1215.0,1215.0,52200
2023-09-14,1230.0,1285.0,1230.0,1240.0,400800
2023-09-15,1240.0,1270.0,1240.0,1255.0,37600
2023-09-18,1255.0,1260.0,1220.0,1220.0,300400
2023-09-19,1220.0,1280.0,1220.0,1250.0,216100
2023-09-20,1250.0,1280.0,1240.0,1250.0,43900
2023-09-21,1270.0,1280.0,1240.0,1250.0,246800
2023-09-22,1250.0,1280.0,1240.0,1240.0,137000
2023-09-25,1270.0,1300.0,1240.0,1275.0,429300
2023-09-26,1245.0,1250.0,1240.0,1240.0,80400
2023-09-27,1240.0,1265.0,1240.0,1245.0,13400
2023-09-29,1245.0,1250.0,1215.0,1250.0,79700
2023-10-02,1245.0,1255.0,1230.0,1240.0,27300
2023-10-03,1240.0,1245.0,1200.0,1235.0,42300
2023-10-04,1220.0,1240.0,1220.0,1230.0,30200
2023-10-05,1225.0,1235.0,1190.0,1225.0,282100
2023-10-06,1225.0,1240.0,1215.0,1240.0,29900
2023-10-09,1235.0,1235.0,1220.0,1225.0,34800
2023-10-10,1235.0,1245.0,1225.0,1225.0,10900
2023-10-11,1250.0,1255.0,1230.0,1230.0,54500
2023-10-12,1225.0,1240.0,1200.0,1230.0,209300
2023-10-13,1230.0,1235.0,1215.0,1230.0,1400
2023-10-16,1230.0,1230.0,1220.0,1220.0,39200
2023-10-17,1220.0,1220.0,1215.0,1220.0,13700
2023-10-18,1215.0,1230.0,1215.0,1220.0,78800
2023-10-19,1200.0,1235.0,1200.0,1235.0,82800
2023-10-20,1225.0,1235.0,1205.0,1210.0,20900
2023-10-23,1210.0,1210.0,1175.0,1175.0,55100
2023-10-24,1175.0,1235.0,1175.0,1205.0,15800
2023-10-25,1200.0,1220.0,1200.0,1210.0,16000
2023-10-26,1210.0,1210.0,1175.0,1210.0,49300
2023-10-27,1210.0,1230.0,1200.0,1200.0,59900
2023-10-30,1200.0,1210.0,1180.0,1205.0,36800
2023-10-31,1210.0,1210.0,1185.0,1200.0,78600
2023-11-01,1200.0,1200.0,1130.0,1200.0,68900
2023-11-02,1165.0,1200.0,1165.0,1200.0,9900
2023-11-03,1190.0,1210.0,1140.0,1180.0,36200
2023-11-06,1180.0,1200.0,1160.0,1200.0,110100
2023-11-07,1170.0,1200.0,1170.0,1200.0,27600
2023-11-08,1160.0,1200.0,1160.0,1185.0,15800
2023-11-09,1190.0,1200.0,1165.0,1165.0,23100
2023-11-10,1195.0,1210.0,1170.0,1200.0,27800
2023-11-13,1205.0,1205.0,1165.0,1205.0,256500
2023-11-14,1200.0,1205.0,1175.0,1200.0,28700
2023-11-15,1200.0,1220.0,1160.0,1220.0,688200
2023-11-16,1220.0,1220.0,1205.0,1220.0,24800
2023-11-17,1220.0,1225.0,1200.0,1210.0,66700
2023-11-20,1225.0,1230.0,1200.0,1220.0,16200
2023-11-21,1215.0,1230.0,1200.0,1225.0,8700
2023-11-22,1220.0,1220.0,1185.0,1220.0,18100
2023-11-23,1220.0,1230.0,1190.0,1230.0,83700
2023-11-24,1200.0,1225.0,1200.0,1225.0,41600
2023-11-27,1200.0,1225.0,1200.0,1225.0,49300
2023-11-28,1235.0,1235.0,1200.0,1230.0,188800
2023-11-29,1200.0,1230.0,1200.0,1225.0,53700
2023-11-30,1200.0,1230.0,1200.0,1220.0,570300
2023-12-01,1220.0,1220.0,1200.0,1200.0,65900
2023-12-04,1215.0,1215.0,1200.0,1205.0,174200
2023-12-05,1230.0,1230.0,1200.0,1200.0,72200
2023-12-06,1225.0,1230.0,1220.0,1220.0,26100
2023-12-07,1220.0,1225.0,1200.0,1205.0,66500
2023-12-08,1205.0,1215.0,1200.0,1215.0,166900
2023-12-11,1215.0,1215.0,1200.0,1200.0,437000
2023-12-12,1200.0,1205.0,1200.0,1200.0,356100
2023-12-13,1200.0,1200.0,1175.0,1200.0,147800
2023-12-14,1200.0,1220.0,1200.0,1200.0,68600
2023-12-15,1220.0,1230.0,1210.0,1210.0,16900
2023-12-18,1225.0,1225.0,1200.0,1220.0,9600
2023-12-19,1225.0,1225.0,1200.0,1220.0,576200
2023-12-20,1220.0,1220.0,1020.0,1215.0,6600
2023-12-21,1210.0,1230.0,1200.0,1220.0,38400
2023-12-22,1205.0,1220.0,1200.0,1205.0,3600
